,사고번호,사고일시,요일,시군구,사고내용,사망자수,중상자수,경상자수,부상신고자수,사고유형,법규위반,노면상태,기상상태,도로형태,가해운전자 차종,가해운전자 성별,가해운전자 연령,가해운전자 상해정도,피해운전자 차종,피해운전자 성별,피해운전자 연령,피해운전자 상해정도
1662,2019020400100111,2019년 2월 4일 10시,월요일,전라북도 전주시 완산구 삼천동1가,경상사고,0,0,1,0,차대사람 - 기타,안전운전불이행,포장 - 건조,맑음,단일로 - 기타,화물,남,60세,상해없음,보행자,여,64세,경상
1663,2019020400100128,2019년 2월 4일 11시,월요일,전라북도 전주시 완산구 효자동1가,중상사고,0,1,0,0,차대사람 - 횡단중,안전운전불이행,포장 - 건조,맑음,교차로 - 교차로안,승용,남,73세,상해없음,보행자,남,85세,중상
1664,2019020400100356,2019년 2월 4일 22시,월요일,전라북도 전주시 덕진구 금암동,경상사고,0,0,1,0,차대사람 - 보도통행중,안전운전불이행,포장 - 건조,맑음,교차로 - 교차로횡단보도내,승용,남,63세,상해없음,보행자,여,27세,경상
1665,2019020600100029,2019년 2월 6일 01시,수요일,전라북도 전주시 완산구 중화산동2가,경상사고,0,0,1,0,차대사람 - 횡단중,안전운전불이행,포장 - 건조,맑음,교차로 - 교차로안,승용,남,64세,상해없음,보행자,남,25세,경상
1666,2019020600100286,2019년 2월 6일 19시,수요일,전라북도 장수군 천천면,사망사고,1,0,0,0,차대사람 - 길가장자리구역통행중,과속,포장 - 건조,맑음,단일로 - 기타,승용,여,29세,상해없음,보행자,남,70세,사망
1667,2019020700100172,2019년 2월 7일 10시,목요일,전라북도 고창군 고창읍,경상사고,0,0,1,0,차대사람 - 보도통행중,보행자보호의무위반,포장 - 건조,맑음,교차로 - 교차로횡단보도내,승용,남,63세,상해없음,보행자,여,53세,경상
1668,2019020700100279,2019년 2월 7일 14시,목요일,전라북도 전주시 완산구 중화산동2가,경상사고,0,0,2,0,차대사람 - 보도통행중,기타,포장 - 건조,맑음,교차로 - 교차로부근,승용,남,43세,상해없음,보행자,여,11세,경상
1669,2019020800100098,2019년 2월 8일 08시,금요일,전라북도 전주시 덕진구 우아동2가,부상신고사고,0,0,0,1,차대사람 - 횡단중,안전운전불이행,포장 - 건조,맑음,교차로 - 교차로부근,승용,남,58세,상해없음,보행자,여,19세,부상신고
1670,2019020800100127,2019년 2월 8일 09시,금요일,전라북도 정읍시 이평면,중상사고,0,1,0,0,차대사람 - 차도통행중,안전운전불이행,포장 - 건조,맑음,단일로 - 기타,특수,남,32세,상해없음,보행자,여,82세,중상
1671,2019020800100418,2019년 2월 8일 19시,금요일,전라북도 익산시 부송동,중상사고,0,1,0,0,차대사람 - 횡단중,보행자보호의무위반,포장 - 건조,맑음,교차로 - 교차로안,승용,남,52세,상해없음,보행자,남,26세,중상
1672,2019020800100445,2019년 2월 8일 20시,금요일,전라북도 정읍시 수성동,중상사고,0,1,1,0,차대사람 - 기타,안전운전불이행,포장 - 건조,맑음,교차로 - 교차로안,승용,남,45세,상해없음,보행자,남,42세,경상
1673,2019020800100470,2019년 2월 8일 21시,금요일,전라북도 익산시 어양동,중상사고,0,1,0,0,차대사람 - 횡단중,안전운전불이행,포장 - 건조,맑음,단일로 - 기타,승용,남,54세,상해없음,보행자,여,46세,중상
1674,2019020800100495,2019년 2월 8일 22시,금요일,전라북도 익산시 영등동,중상사고,0,1,0,0,차대사람 - 횡단중,과속,포장 - 건조,맑음,교차로 - 교차로안,승용,여,51세,상해없음,보행자,남,22세,중상
1675,2019020900100040,2019년 2월 9일 01시,토요일,전라북도 전주시 완산구 다가동2가,중상사고,0,1,0,0,차대사람 - 기타,안전운전불이행,포장 - 건조,맑음,단일로 - 기타,승용,여,47세,상해없음,보행자,여,57세,중상
1676,2019020900100148,2019년 2월 9일 10시,토요일,전라북도 순창군 순창읍,경상사고,0,0,1,0,차대사람 - 기타,신호위반,포장 - 건조,맑음,단일로 - 기타,화물,남,42세,상해없음,보행자,여,58세,경상
1677,2019020900100202,2019년 2월 9일 12시,토요일,전라북도 전주시 완산구 중앙동3가,중상사고,0,1,0,0,차대사람 - 횡단중,보행자보호의무위반,포장 - 건조,맑음,단일로 - 기타,이륜,남,23세,상해없음,보행자,여,61세,중상
1678,2019020900100392,2019년 2월 9일 20시,토요일,전라북도 전주시 완산구 효자동3가,중상사고,0,1,0,0,차대사람 - 횡단중,과속,포장 - 건조,흐림,단일로 - 기타,승용,남,29세,상해없음,보행자,남,50세,중상
1679,2019020900100393,2019년 2월 9일 20시,토요일,전라북도 전주시 덕진구 진북동,경상사고,0,0,1,0,차대사람 - 횡단중,보행자보호의무위반,포장 - 건조,맑음,교차로 - 교차로안,승용,남,58세,상해없음,보행자,여,19세,경상
1680,2019021000100023,2019년 2월 10일 00시,일요일,전라북도 익산시 영등동,경상사고,0,0,1,0,차대사람 - 차도통행중,안전운전불이행,포장 - 건조,흐림,교차로 - 교차로안,승용,여,25세,상해없음,보행자,남,79세,경상
1681,2019021000100219,2019년 2월 10일 16시,일요일,전라북도 전주시 덕진구 덕진동1가,경상사고,0,0,1,0,차대사람 - 기타,안전운전불이행,포장 - 건조,맑음,단일로 - 기타,승용,남,66세,상해없음,보행자,여,21세,경상
1682,2019021000100263,2019년 2월 10일 18시,일요일,전라북도 남원시 금동,중상사고,0,1,0,0,차대사람 - 보도통행중,보행자보호의무위반,포장 - 건조,맑음,교차로 - 교차로안,화물,남,56세,상해없음,보행자,여,47세,중상
1683,2019021000100330,2019년 2월 10일 21시,일요일,전라북도 전주시 덕진구 인후동1가,중상사고,0,1,0,0,차대사람 - 횡단중,안전운전불이행,포장 - 젖음/습기,비,단일로 - 기타,승용,남,62세,상해없음,보행자,남,79세,중상
1684,2019021100100164,2019년 2월 11일 10시,월요일,전라북도 익산시 모현동1가,중상사고,0,1,0,0,차대사람 - 횡단중,보행자보호의무위반,포장 - 건조,맑음,교차로 - 교차로횡단보도내,승용,남,63세,상해없음,보행자,남,44세,중상
1685,2019021100100277,2019년 2월 11일 14시,월요일,전라북도 순창군 순창읍,경상사고,0,0,1,0,차대사람 - 차도통행중,안전운전불이행,포장 - 건조,맑음,단일로 - 기타,승용,여,61세,상해없음,보행자,여,10세,경상
1686,2019021100100309,2019년 2월 11일 15시,월요일,전라북도 김제시 요촌동,중상사고,0,1,0,0,차대사람 - 횡단중,보행자보호의무위반,포장 - 건조,맑음,교차로 - 교차로부근,승용,여,38세,상해없음,보행자,남,62세,중상
1687,2019021100100373,2019년 2월 11일 17시,월요일,전라북도 익산시 창인동2가,중상사고,0,1,0,0,차대사람 - 횡단중,보행자보호의무위반,포장 - 건조,맑음,교차로 - 교차로횡단보도내,승용,여,41세,상해없음,보행자,여,25세,중상
1688,2019021100100404,2019년 2월 11일 18시,월요일,전라북도 김제시 서암동,중상사고,0,1,0,0,차대사람 - 횡단중,보행자보호의무위반,포장 - 건조,맑음,교차로 - 교차로안,승용,남,82세,상해없음,보행자,여,51세,중상
1689,2019021200100146,2019년 2월 12일 09시,화요일,전라북도 군산시 나운동,경상사고,0,0,1,0,차대사람 - 보도통행중,보행자보호의무위반,포장 - 건조,맑음,기타 - 기타,승용,남,48세,상해없음,보행자,남,83세,경상
1690,2019021200100270,2019년 2월 12일 13시,화요일,전라북도 김제시 교동,경상사고,0,0,1,0,차대사람 - 횡단중,안전운전불이행,포장 - 건조,맑음,단일로 - 기타,승용,여,64세,상해없음,보행자,남,66세,경상
1691,2019021200100526,2019년 2월 12일 23시,화요일,전라북도 김제시 신풍동,중상사고,0,1,0,0,차대사람 - 차도통행중,안전운전불이행,포장 - 건조,맑음,단일로 - 기타,승용,남,29세,상해없음,보행자,남,52세,중상
1692,2019021300100385,2019년 2월 13일 17시,수요일,전라북도 김제시 요촌동,경상사고,0,0,1,0,차대사람 - 차도통행중,안전운전불이행,포장 - 건조,맑음,단일로 - 기타,화물,여,38세,상해없음,보행자,여,42세,경상
1693,2019021300100553,2019년 2월 13일 22시,수요일,전라북도 전주시 덕진구 동산동,경상사고,0,0,1,0,차대사람 - 길가장자리구역통행중,안전운전불이행,포장 - 건조,맑음,기타 - 기타,승용,남,40세,상해없음,보행자,남,33세,경상
1694,2019021300100554,2019년 2월 13일 22시,수요일,전라북도 전주시 덕진구 송천동1가,중상사고,0,1,0,0,차대사람 - 횡단중,보행자보호의무위반,포장 - 건조,맑음,교차로 - 교차로횡단보도내,승용,남,64세,상해없음,보행자,남,16세,중상
1695,2019021300100571,2019년 2월 13일 23시,수요일,전라북도 전주시 완산구 삼천동1가,경상사고,0,0,1,0,차대사람 - 횡단중,안전운전불이행,포장 - 건조,맑음,교차로 - 교차로안,승합,남,53세,상해없음,보행자,남,68세,경상
1696,2019021400100165,2019년 2월 14일 10시,목요일,전라북도 전주시 완산구 삼천동1가,중상사고,0,1,0,0,차대사람 - 횡단중,보행자보호의무위반,포장 - 건조,맑음,교차로 - 교차로횡단보도내,승용,여,56세,상해없음,보행자,남,77세,중상
1697,2019021400100204,2019년 2월 14일 11시,목요일,전라북도 전주시 완산구 평화동1가,경상사고,0,0,1,0,차대사람 - 횡단중,보행자보호의무위반,포장 - 건조,맑음,교차로 - 교차로횡단보도내,승용,여,36세,상해없음,보행자,남,44세,경상
1698,2019021400100231,2019년 2월 14일 12시,목요일,전라북도 완주군 고산면,경상사고,0,0,1,0,차대사람 - 기타,안전운전불이행,포장 - 건조,맑음,주차장 - 주차장,승용,남,44세,상해없음,보행자,여,79세,경상
1699,2019021400100255,2019년 2월 14일 13시,목요일,전라북도 전주시 덕진구 금암동,경상사고,0,0,1,0,차대사람 - 기타,안전운전불이행,포장 - 건조,맑음,교차로 - 교차로안,승용,여,38세,상해없음,보행자,남,71세,경상
1700,2019021400100257,2019년 2월 14일 13시,목요일,전라북도 김제시 요촌동,중상사고,0,1,0,0,차대사람 - 횡단중,안전운전불이행,포장 - 건조,맑음,단일로 - 기타,승용,여,42세,상해없음,보행자,여,74세,중상
1701,2019021400100281,2019년 2월 14일 14시,목요일,전라북도 고창군 고창읍,경상사고,0,0,1,0,차대사람 - 기타,안전운전불이행,포장 - 건조,맑음,단일로 - 기타,승용,남,63세,상해없음,보행자,남,58세,경상
1702,2019021400100424,2019년 2월 14일 18시,목요일,전라북도 정읍시 연지동,중상사고,0,1,0,0,차대사람 - 횡단중,보행자보호의무위반,포장 - 건조,맑음,교차로 - 교차로부근,승용,남,65세,상해없음,보행자,여,66세,중상
1703,2019021400100473,2019년 2월 14일 19시,목요일,전라북도 익산시 어양동,경상사고,0,0,2,0,차대사람 - 횡단중,보행자보호의무위반,포장 - 건조,맑음,교차로 - 교차로횡단보도내,승용,남,59세,상해없음,보행자,여,43세,경상
1704,2019021400100506,2019년 2월 14일 20시,목요일,전라북도 전주시 덕진구 덕진동1가,중상사고,0,1,0,0,차대사람 - 보도통행중,기타,포장 - 건조,맑음,기타 - 기타,승용,남,58세,상해없음,보행자,남,74세,중상
1705,2019021500100052,2019년 2월 15일 03시,금요일,전라북도 익산시 신동,경상사고,0,0,2,0,차대사람 - 기타,안전운전불이행,포장 - 건조,맑음,교차로 - 교차로안,이륜,남,23세,상해없음,보행자,여,19세,경상
1706,2019021500100405,2019년 2월 15일 15시,금요일,전라북도 전주시 완산구 평화동2가,사망사고,1,0,0,0,차대사람 - 기타,안전운전불이행,포장 - 건조,맑음,단일로 - 기타,승용,여,63세,상해없음,보행자,남,80세,사망
1707,2019021500100566,2019년 2월 15일 19시,금요일,전라북도 군산시 수송동,경상사고,0,0,1,0,차대사람 - 보도통행중,기타,포장 - 건조,맑음,기타 - 기타,화물,남,38세,상해없음,보행자,여,57세,경상
1708,2019021500100569,2019년 2월 15일 19시,금요일,전라북도 군산시 나운동,경상사고,0,0,1,0,차대사람 - 횡단중,안전운전불이행,포장 - 젖음/습기,맑음,단일로 - 기타,이륜,남,46세,상해없음,보행자,여,10세,경상
1709,2019021500100612,2019년 2월 15일 20시,금요일,전라북도 전주시 완산구 중화산동2가,경상사고,0,0,1,0,차대사람 - 횡단중,안전운전불이행,포장 - 젖음/습기,흐림,교차로 - 교차로안,승용,남,24세,상해없음,보행자,남,63세,경상
1710,2019021500100613,2019년 2월 15일 20시,금요일,전라북도 전주시 덕진구 인후동1가,경상사고,0,0,1,0,차대사람 - 횡단중,안전운전불이행,포장 - 건조,맑음,단일로 - 기타,승용,남,44세,상해없음,보행자,여,17세,경상
1711,2019021500100614,2019년 2월 15일 20시,금요일,전라북도 군산시 문화동,사망사고,1,0,0,0,차대사람 - 횡단중,안전운전불이행,포장 - 건조,흐림,단일로 - 기타,승용,남,52세,상해없음,보행자,여,74세,사망
1712,2019021600100022,2019년 2월 16일 00시,토요일,전라북도 전주시 덕진구 금암동,중상사고,0,1,0,0,차대사람 - 길가장자리구역통행중,안전운전불이행,포장 - 건조,맑음,단일로 - 기타,승용,남,26세,기타불명,보행자,남,25세,중상
1713,2019021600100260,2019년 2월 16일 13시,토요일,전라북도 익산시 남중동,경상사고,0,0,1,0,차대사람 - 차도통행중,안전운전불이행,포장 - 건조,맑음,단일로 - 기타,승용,남,56세,상해없음,보행자,남,65세,경상
1714,2019021600100334,2019년 2월 16일 15시,토요일,전라북도 남원시 동충동,경상사고,0,0,1,0,차대사람 - 기타,안전운전불이행,포장 - 건조,맑음,단일로 - 기타,화물,남,70세,상해없음,보행자,남,77세,경상
1715,2019021600100496,2019년 2월 16일 19시,토요일,전라북도 익산시 영등동,경상사고,0,0,1,0,차대사람 - 횡단중,보행자보호의무위반,포장 - 건조,맑음,교차로 - 교차로안,승용,남,59세,상해없음,보행자,여,19세,경상
1716,2019021600100588,2019년 2월 16일 22시,토요일,전라북도 전주시 완산구 효자동2가,경상사고,0,0,1,0,차대사람 - 보도통행중,보행자보호의무위반,포장 - 건조,맑음,교차로 - 교차로부근,승용,여,47세,상해없음,보행자,남,56세,경상
1717,2019021600100589,2019년 2월 16일 22시,토요일,전라북도 전주시 완산구 효자동2가,중상사고,0,1,0,0,차대사람 - 횡단중,안전운전불이행,포장 - 건조,맑음,교차로 - 교차로부근,승합,남,48세,상해없음,보행자,여,44세,중상
1718,2019021700100354,2019년 2월 17일 18시,일요일,전라북도 익산시 어양동,경상사고,0,0,1,0,차대사람 - 횡단중,보행자보호의무위반,포장 - 건조,맑음,단일로 - 기타,기타불명,기타불명,미분류,기타불명,보행자,여,47세,경상
1719,2019021800100137,2019년 2월 18일 08시,월요일,전라북도 전주시 덕진구 덕진동1가,경상사고,0,0,1,0,차대사람 - 차도통행중,안전운전불이행,포장 - 건조,맑음,단일로 - 기타,승용,남,57세,상해없음,보행자,남,24세,경상
1720,2019021800100338,2019년 2월 18일 16시,월요일,전라북도 익산시 주현동,중상사고,0,1,0,0,차대사람 - 횡단중,안전운전불이행,포장 - 건조,맑음,교차로 - 교차로부근,건설기계,남,51세,상해없음,보행자,남,82세,중상
1721,2019021900100024,2019년 2월 19일 00시,화요일,전라북도 전주시 완산구 서신동,중상사고,0,2,0,0,차대사람 - 횡단중,보행자보호의무위반,포장 - 젖음/습기,비,교차로 - 교차로횡단보도내,승용,여,64세,상해없음,보행자,여,37세,중상
1722,2019021900100248,2019년 2월 19일 12시,화요일,전라북도 무주군 무주읍,중상사고,0,1,0,0,차대사람 - 보도통행중,기타,포장 - 젖음/습기,비,교차로 - 교차로부근,화물,남,37세,상해없음,보행자,남,62세,중상
1723,2019021900100268,2019년 2월 19일 13시,화요일,전라북도 익산시 부송동,중상사고,0,1,0,0,차대사람 - 횡단중,안전운전불이행,포장 - 젖음/습기,비,교차로 - 교차로안,화물,남,48세,상해없음,보행자,여,55세,중상
1724,2019021900100355,2019년 2월 19일 16시,화요일,전라북도 익산시 중앙동1가,경상사고,0,0,1,0,차대사람 - 횡단중,보행자보호의무위반,포장 - 젖음/습기,흐림,교차로 - 교차로안,승합,남,64세,상해없음,보행자,남,58세,경상
1725,2019021900100414,2019년 2월 19일 18시,화요일,전라북도 정읍시 시기동,중상사고,0,1,0,0,차대사람 - 기타,안전운전불이행,포장 - 건조,맑음,단일로 - 기타,승용,남,60세,상해없음,보행자,여,71세,중상
1726,2019022000100092,2019년 2월 20일 07시,수요일,전라북도 익산시 어양동,중상사고,0,1,0,0,차대사람 - 횡단중,안전운전불이행,포장 - 건조,맑음,단일로 - 기타,화물,남,53세,상해없음,보행자,여,66세,중상
1727,2019022000100203,2019년 2월 20일 11시,수요일,전라북도 전주시 완산구 다가동1가,경상사고,0,0,1,0,차대사람 - 길가장자리구역통행중,안전운전불이행,포장 - 건조,맑음,단일로 - 지하차도(도로)내,승용,남,50세,상해없음,보행자,여,22세,경상
1728,2019022000100342,2019년 2월 20일 16시,수요일,전라북도 전주시 덕진구 덕진동2가,경상사고,0,0,1,0,차대사람 - 횡단중,보행자보호의무위반,포장 - 건조,맑음,교차로 - 교차로횡단보도내,승용,남,48세,상해없음,보행자,남,52세,경상
1729,2019022000100409,2019년 2월 20일 18시,수요일,전라북도 군산시 중동,중상사고,0,1,0,0,차대사람 - 횡단중,보행자보호의무위반,포장 - 건조,맑음,교차로 - 교차로횡단보도내,승용,남,36세,상해없음,보행자,여,76세,중상
1730,2019022000100492,2019년 2월 20일 20시,수요일,전라북도 전주시 완산구 삼천동1가,경상사고,0,0,1,0,차대사람 - 기타,안전운전불이행,포장 - 건조,맑음,단일로 - 기타,승용,여,42세,상해없음,보행자,여,48세,경상
1731,2019022100100023,2019년 2월 21일 00시,목요일,전라북도 전주시 덕진구 금암동,경상사고,0,0,1,0,차대사람 - 기타,안전운전불이행,포장 - 건조,맑음,교차로 - 교차로횡단보도내,승용,여,36세,상해없음,보행자,남,27세,경상
1732,2019022200100059,2019년 2월 22일 03시,금요일,전라북도 군산시 나운동,중상사고,0,1,1,0,차대사람 - 기타,안전운전불이행,포장 - 건조,맑음,교차로 - 교차로부근,승용,남,43세,상해없음,보행자,남,50세,중상
1733,2019022200100210,2019년 2월 22일 11시,금요일,전라북도 고창군 고창읍,경상사고,0,0,1,0,차대사람 - 차도통행중,안전운전불이행,포장 - 건조,맑음,단일로 - 기타,승용,여,36세,상해없음,보행자,여,82세,경상
1734,2019022200100519,2019년 2월 22일 20시,금요일,전라북도 익산시 인화동2가,경상사고,0,0,1,0,차대사람 - 횡단중,보행자보호의무위반,포장 - 건조,맑음,교차로 - 교차로횡단보도내,승용,남,67세,상해없음,보행자,남,51세,경상
1735,2019022200100591,2019년 2월 22일 22시,금요일,전라북도 전주시 완산구 중노송동,중상사고,0,1,0,0,차대사람 - 차도통행중,안전운전불이행,포장 - 건조,맑음,단일로 - 기타,승합,남,30세,상해없음,보행자,여,62세,중상
1736,2019022300100173,2019년 2월 23일 09시,토요일,전라북도 전주시 덕진구 반월동,중상사고,0,1,0,0,차대사람 - 차도통행중,안전운전불이행,포장 - 건조,맑음,기타 - 기타,자전거,여,64세,상해없음,보행자,여,71세,중상
1737,2019022300100207,2019년 2월 23일 10시,토요일,전라북도 정읍시 신태인읍,경상사고,0,0,1,0,차대사람 - 횡단중,안전운전불이행,포장 - 건조,맑음,단일로 - 기타,승용,남,73세,상해없음,보행자,남,80세,경상
1738,2019022300100208,2019년 2월 23일 10시,토요일,전라북도 정읍시 상동,경상사고,0,0,1,0,차대사람 - 횡단중,안전운전불이행,포장 - 건조,맑음,단일로 - 기타,승용,남,74세,상해없음,보행자,남,85세,경상
1739,2019022300100271,2019년 2월 23일 12시,토요일,전라북도 정읍시 시기동,경상사고,0,0,1,0,차대사람 - 횡단중,안전운전불이행,포장 - 건조,맑음,단일로 - 기타,승용,남,41세,상해없음,보행자,남,9세,경상
1740,2019022300100517,2019년 2월 23일 19시,토요일,전라북도 김제시 연정동,사망사고,1,0,0,0,차대사람 - 길가장자리구역통행중,안전운전불이행,포장 - 건조,맑음,단일로 - 기타,화물,남,29세,상해없음,보행자,여,76세,사망
1741,2019022300100558,2019년 2월 23일 21시,토요일,전라북도 전주시 덕진구 전미동1가,경상사고,0,0,1,0,차대사람 - 기타,안전운전불이행,포장 - 건조,맑음,단일로 - 기타,승용,남,43세,상해없음,보행자,여,56세,경상
1742,2019022400100054,2019년 2월 24일 04시,일요일,전라북도 전주시 완산구 서신동,경상사고,0,0,1,0,차대사람 - 횡단중,안전운전불이행,포장 - 건조,맑음,교차로 - 교차로안,승용,남,37세,상해없음,보행자,남,34세,경상
1743,2019022400100332,2019년 2월 24일 18시,일요일,전라북도 전주시 완산구 중화산동2가,경상사고,0,0,1,0,차대사람 - 차도통행중,안전운전불이행,포장 - 건조,맑음,단일로 - 기타,승용,여,72세,상해없음,보행자,여,23세,경상
1744,2019022500100314,2019년 2월 25일 14시,월요일,전라북도 전주시 덕진구 인후동1가,중상사고,0,1,0,0,차대사람 - 기타,안전운전불이행,포장 - 건조,맑음,단일로 - 기타,이륜,남,51세,상해없음,보행자,여,8세,중상
1745,2019022500100412,2019년 2월 25일 17시,월요일,전라북도 전주시 완산구 전동,경상사고,0,0,1,0,차대사람 - 보도통행중,기타,포장 - 건조,맑음,단일로 - 기타,화물,남,58세,상해없음,보행자,여,22세,경상
1746,2019022500100456,2019년 2월 25일 18시,월요일,전라북도 전주시 덕진구 금암동,경상사고,0,0,1,0,차대사람 - 횡단중,안전운전불이행,포장 - 건조,맑음,교차로 - 교차로부근,승용,남,71세,상해없음,보행자,남,21세,경상
1747,2019022500100501,2019년 2월 25일 19시,월요일,전라북도 전주시 덕진구 인후동1가,경상사고,0,0,1,0,차대사람 - 횡단중,안전운전불이행,포장 - 건조,맑음,단일로 - 기타,승용,남,62세,상해없음,보행자,남,9세,경상
1748,2019022600100268,2019년 2월 26일 13시,화요일,전라북도 고창군 해리면,경상사고,0,0,1,0,차대사람 - 차도통행중,안전운전불이행,포장 - 건조,맑음,기타 - 기타,이륜,남,70세,상해없음,보행자,남,58세,경상
1749,2019022600100293,2019년 2월 26일 14시,화요일,전라북도 군산시 신영동,경상사고,0,0,1,0,차대사람 - 기타,안전운전불이행,포장 - 건조,맑음,교차로 - 교차로안,승용,여,65세,상해없음,보행자,여,66세,경상
1750,2019022600100402,2019년 2월 26일 17시,화요일,전라북도 익산시 남중동,중상사고,0,1,0,0,차대사람 - 횡단중,안전운전불이행,포장 - 건조,맑음,교차로 - 교차로안,승용,남,57세,상해없음,보행자,여,77세,중상
1751,2019022700100072,2019년 2월 27일 06시,수요일,전라북도 익산시 모현동2가,사망사고,1,0,0,0,차대사람 - 기타,안전운전불이행,포장 - 건조,흐림,단일로 - 기타,승용,남,60세,상해없음,보행자,남,35세,사망
1752,2019022700100231,2019년 2월 27일 12시,수요일,전라북도 전주시 완산구 경원동1가,경상사고,0,0,1,0,차대사람 - 기타,안전운전불이행,포장 - 건조,맑음,단일로 - 기타,승용,여,53세,상해없음,보행자,남,16세,경상
1753,2019022800100100,2019년 2월 28일 07시,목요일,전라북도 군산시 조촌동,경상사고,0,0,1,0,차대사람 - 횡단중,보행자보호의무위반,포장 - 건조,맑음,교차로 - 교차로횡단보도내,승용,여,63세,상해없음,보행자,여,61세,경상
1754,2019022800100130,2019년 2월 28일 08시,목요일,전라북도 전주시 덕진구 인후동1가,경상사고,0,0,1,0,차대사람 - 횡단중,보행자보호의무위반,포장 - 건조,맑음,교차로 - 교차로횡단보도내,승용,남,55세,상해없음,보행자,여,56세,경상
1755,2019022800100210,2019년 2월 28일 11시,목요일,전라북도 전주시 덕진구 동산동,중상사고,0,1,0,0,차대사람 - 횡단중,보행자보호의무위반,포장 - 건조,맑음,교차로 - 교차로횡단보도내,승용,여,37세,상해없음,보행자,남,8세,중상
1756,2019022800100508,2019년 2월 28일 19시,목요일,전라북도 임실군 신덕면,사망사고,1,0,0,0,차대사람 - 횡단중,중앙선침범,포장 - 건조,맑음,단일로 - 기타,화물,남,47세,상해없음,보행자,남,54세,사망
1757,2019022800100551,2019년 2월 28일 20시,목요일,전라북도 전주시 완산구 중화산동2가,중상사고,0,1,0,0,차대사람 - 횡단중,보행자보호의무위반,포장 - 건조,맑음,단일로 - 기타,승합,남,47세,상해없음,보행자,남,74세,중상
1758,2019022800100552,2019년 2월 28일 20시,목요일,전라북도 군산시 조촌동,경상사고,0,0,1,0,차대사람 - 횡단중,안전운전불이행,포장 - 건조,맑음,교차로 - 교차로안,승용,남,54세,상해없음,보행자,여,16세,경상
1759,2019030100100042,2019년 3월 1일 00시,금요일,전라북도 전주시 완산구 효자동2가,경상사고,0,0,1,0,차대사람 - 기타,안전운전불이행,포장 - 건조,맑음,교차로 - 교차로안,승용,여,45세,상해없음,보행자,남,35세,경상
1760,2019030100100274,2019년 3월 1일 14시,금요일,전라북도 군산시 미원동,경상사고,0,0,3,0,차대사람 - 횡단중,신호위반,포장 - 건조,맑음,교차로 - 교차로횡단보도내,승용,여,69세,상해없음,보행자,여,17세,경상
1761,2019030100100408,2019년 3월 1일 19시,금요일,전라북도 전주시 덕진구 여의동,경상사고,0,0,1,0,차대사람 - 횡단중,보행자보호의무위반,포장 - 건조,맑음,교차로 - 교차로횡단보도내,승용,남,71세,상해없음,보행자,여,15세,경상
1762,2019030100100492,2019년 3월 1일 23시,금요일,전라북도 전주시 완산구 효자동2가,중상사고,0,1,0,0,차대사람 - 차도통행중,중앙선침범,포장 - 건조,맑음,단일로 - 지하차도(도로)내,승용,남,60세,상해없음,보행자,남,51세,중상
1763,2019030200100089,2019년 3월 2일 07시,토요일,전라북도 전주시 덕진구 인후동1가,중상사고,0,1,0,0,차대사람 - 보도통행중,기타,포장 - 건조,맑음,단일로 - 기타,화물,남,36세,상해없음,보행자,여,62세,중상
1764,2019030200100325,2019년 3월 2일 17시,토요일,전라북도 익산시 남중동,중상사고,0,1,0,0,차대사람 - 길가장자리구역통행중,안전운전불이행,포장 - 건조,맑음,교차로 - 교차로안,승용,남,62세,상해없음,보행자,여,68세,중상
1765,2019030200100365,2019년 3월 2일 18시,토요일,전라북도 전주시 완산구 서노송동,경상사고,0,0,1,0,차대사람 - 길가장자리구역통행중,안전운전불이행,포장 - 건조,맑음,단일로 - 기타,승용,남,70세,상해없음,보행자,여,51세,경상
1766,2019030200100367,2019년 3월 2일 18시,토요일,전라북도 남원시 조산동,중상사고,0,1,0,0,차대사람 - 횡단중,보행자보호의무위반,포장 - 건조,맑음,단일로 - 기타,승용,남,63세,상해없음,보행자,여,71세,중상
1767,2019030200100457,2019년 3월 2일 21시,토요일,전라북도 전주시 완산구 삼천동1가,경상사고,0,0,1,0,차대사람 - 횡단중,안전운전불이행,포장 - 건조,맑음,교차로 - 교차로안,이륜,남,28세,상해없음,보행자,여,28세,경상
1768,2019030300100194,2019년 3월 3일 14시,일요일,전라북도 김제시 신풍동,경상사고,0,0,1,0,차대사람 - 보도통행중,신호위반,포장 - 건조,맑음,교차로 - 교차로안,자전거,남,55세,상해없음,보행자,여,76세,경상
1769,2019030300100240,2019년 3월 3일 16시,일요일,전라북도 군산시 조촌동,경상사고,0,0,1,0,차대사람 - 횡단중,안전운전불이행,포장 - 건조,맑음,교차로 - 교차로안,승합,남,31세,상해없음,보행자,남,81세,경상
1770,2019030400100139,2019년 3월 4일 10시,월요일,전라북도 전주시 덕진구 인후동1가,중상사고,0,1,1,0,차대사람 - 횡단중,안전운전불이행,포장 - 건조,맑음,교차로 - 교차로부근,승용,남,72세,상해없음,보행자,여,37세,중상
1771,2019030400100167,2019년 3월 4일 11시,월요일,전라북도 전주시 덕진구 우아동3가,중상사고,0,1,0,0,차대사람 - 횡단중,보행자보호의무위반,포장 - 건조,맑음,교차로 - 교차로안,화물,남,58세,상해없음,보행자,여,74세,중상