,사고번호,사고일시,요일,시군구,사고내용,사망자수,중상자수,경상자수,부상신고자수,사고유형,법규위반,노면상태,기상상태,도로형태,가해운전자 차종,가해운전자 성별,가해운전자 연령,가해운전자 상해정도,피해운전자 차종,피해운전자 성별,피해운전자 연령,피해운전자 상해정도
1993,2019050100100277,2019년 5월 1일 13시,수요일,전라북도 김제시 요촌동,중상사고,0,1,0,0,차대사람 - 횡단중,보행자보호의무위반,포장 - 건조,맑음,교차로 - 교차로횡단보도내,승용,남,19세,상해없음,보행자,여,78세,중상
1994,2019050100100421,2019년 5월 1일 17시,수요일,전라북도 익산시 팔봉동,경상사고,0,0,1,0,차대사람 - 횡단중,안전운전불이행,포장 - 건조,맑음,단일로 - 기타,승용,남,46세,상해없음,보행자,남,5세,경상
1995,2019050100100568,2019년 5월 1일 22시,수요일,전라북도 정읍시 연지동,경상사고,0,0,1,0,차대사람 - 기타,안전운전불이행,포장 - 건조,맑음,기타 - 기타,승합,남,56세,상해없음,보행자,남,61세,경상
1996,2019050200100098,2019년 5월 2일 07시,목요일,전라북도 군산시 나운동,경상사고,0,0,1,0,차대사람 - 차도통행중,안전운전불이행,포장 - 건조,맑음,단일로 - 기타,승합,남,63세,상해없음,보행자,남,17세,경상
1997,2019050200100141,2019년 5월 2일 08시,목요일,전라북도 전주시 완산구 평화동2가,중상사고,0,1,0,0,차대사람 - 횡단중,신호위반,포장 - 건조,맑음,교차로 - 교차로횡단보도내,승용,남,36세,상해없음,보행자,남,10세,중상
1998,2019050200100185,2019년 5월 2일 09시,목요일,전라북도 전주시 완산구 효자동3가,경상사고,0,0,1,0,차대사람 - 횡단중,안전운전불이행,포장 - 건조,맑음,교차로 - 교차로횡단보도내,승용,여,64세,상해없음,보행자,남,19세,경상
1999,2019050200100258,2019년 5월 2일 11시,목요일,전라북도 익산시 부송동,경상사고,0,0,1,0,차대사람 - 차도통행중,안전운전불이행,포장 - 건조,맑음,단일로 - 기타,이륜,남,45세,상해없음,보행자,여,65세,경상
2000,2019050200100617,2019년 5월 2일 20시,목요일,전라북도 정읍시 수성동,경상사고,0,0,1,0,차대사람 - 기타,안전운전불이행,포장 - 건조,맑음,단일로 - 기타,승용,여,56세,상해없음,보행자,여,31세,경상
2001,2019050200100649,2019년 5월 2일 21시,목요일,전라북도 장수군 장계면,경상사고,0,0,1,0,차대사람 - 길가장자리구역통행중,안전운전불이행,포장 - 건조,맑음,단일로 - 기타,승용,여,49세,상해없음,보행자,남,69세,경상
2002,2019050300100421,2019년 5월 3일 15시,금요일,전라북도 전주시 완산구 전동,경상사고,0,0,1,0,차대사람 - 횡단중,보행자보호의무위반,포장 - 건조,맑음,교차로 - 교차로횡단보도내,승합,남,48세,상해없음,보행자,여,64세,경상
2003,2019050300100662,2019년 5월 3일 20시,금요일,전라북도 진안군 안천면,경상사고,0,0,1,0,차대사람 - 횡단중,안전운전불이행,포장 - 건조,맑음,교차로 - 교차로안,승용,남,50세,상해없음,보행자,여,78세,경상
2004,2019050400100244,2019년 5월 4일 11시,토요일,전라북도 전주시 완산구 서노송동,중상사고,0,1,1,0,차대사람 - 횡단중,신호위반,포장 - 건조,맑음,교차로 - 교차로안,승용,남,55세,상해없음,보행자,여,85세,중상
2005,2019050400100601,2019년 5월 4일 20시,토요일,전라북도 전주시 완산구 고사동,경상사고,0,0,1,0,차대사람 - 차도통행중,안전운전불이행,포장 - 건조,맑음,단일로 - 지하차도(도로)내,승용,남,40세,상해없음,보행자,남,60세,경상
2006,2019050400100639,2019년 5월 4일 21시,토요일,전라북도 정읍시 시기동,중상사고,0,1,0,0,차대사람 - 횡단중,신호위반,포장 - 건조,맑음,교차로 - 교차로횡단보도내,승용,남,57세,상해없음,보행자,여,67세,중상
2007,2019050400100669,2019년 5월 4일 22시,토요일,전라북도 전주시 덕진구 우아동3가,경상사고,0,0,1,0,차대사람 - 횡단중,안전운전불이행,포장 - 건조,맑음,단일로 - 기타,승용,여,52세,상해없음,보행자,남,51세,경상
2008,2019050400100670,2019년 5월 4일 22시,토요일,전라북도 군산시 나운동,경상사고,0,0,1,0,차대사람 - 횡단중,보행자보호의무위반,포장 - 건조,맑음,단일로 - 기타,승용,여,26세,상해없음,보행자,남,57세,경상
2009,2019050500100299,2019년 5월 5일 14시,일요일,전라북도 전주시 완산구 효자동1가,경상사고,0,0,1,0,차대사람 - 기타,안전운전불이행,포장 - 건조,맑음,단일로 - 기타,승용,남,24세,상해없음,보행자,남,33세,경상
2010,2019050500100461,2019년 5월 5일 18시,일요일,전라북도 익산시 모현동1가,경상사고,0,0,1,0,차대사람 - 기타,안전운전불이행,포장 - 건조,맑음,단일로 - 기타,승용,남,41세,상해없음,보행자,남,38세,경상
2011,2019050600100115,2019년 5월 6일 08시,월요일,전라북도 정읍시 시기동,중상사고,0,1,0,0,차대사람 - 기타,안전운전불이행,포장 - 건조,맑음,교차로 - 교차로안,승용,남,48세,상해없음,보행자,남,85세,중상
2012,2019050600100380,2019년 5월 6일 16시,월요일,전라북도 익산시 마동,경상사고,0,0,1,0,차대사람 - 횡단중,보행자보호의무위반,포장 - 건조,맑음,교차로 - 교차로안,승용,남,35세,상해없음,보행자,여,31세,경상
2013,2019050600100469,2019년 5월 6일 18시,월요일,전라북도 부안군 부안읍,중상사고,0,2,0,0,차대사람 - 횡단중,보행자보호의무위반,포장 - 건조,맑음,교차로 - 교차로부근,승용,여,41세,상해없음,보행자,여,46세,중상
2014,2019050700100097,2019년 5월 7일 07시,화요일,전라북도 전주시 완산구 중노송동,경상사고,0,0,1,0,차대사람 - 보도통행중,신호위반,포장 - 건조,맑음,교차로 - 교차로횡단보도내,승용,여,24세,상해없음,보행자,여,16세,경상
2015,2019050700100143,2019년 5월 7일 08시,화요일,전라북도 전주시 덕진구 진북동,경상사고,0,0,1,0,차대사람 - 기타,안전운전불이행,포장 - 건조,맑음,교차로 - 교차로안,승용,남,36세,상해없음,보행자,남,30세,경상
2016,2019050700100195,2019년 5월 7일 09시,화요일,전라북도 전주시 완산구 효자동1가,경상사고,0,0,1,0,차대사람 - 횡단중,신호위반,포장 - 건조,맑음,교차로 - 교차로안,승용,남,50세,상해없음,보행자,여,69세,경상
2017,2019050700100196,2019년 5월 7일 09시,화요일,전라북도 군산시 산북동,중상사고,0,1,0,0,차대사람 - 차도통행중,안전운전불이행,포장 - 건조,맑음,교차로 - 교차로안,승용,여,41세,상해없음,보행자,여,55세,중상
2018,2019050700100436,2019년 5월 7일 15시,화요일,전라북도 익산시 왕궁면,중상사고,0,1,0,0,차대사람 - 기타,안전운전불이행,포장 - 건조,맑음,단일로 - 기타,화물,남,26세,상해없음,보행자,남,46세,중상
2019,2019050700100667,2019년 5월 7일 20시,화요일,전라북도 전주시 완산구 효자동1가,경상사고,0,0,1,0,차대사람 - 기타,안전운전불이행,포장 - 건조,맑음,기타 - 기타,승용,남,41세,상해없음,보행자,여,52세,경상
2020,2019050700100712,2019년 5월 7일 22시,화요일,전라북도 군산시 서흥남동,경상사고,0,0,1,0,차대사람 - 차도통행중,안전운전불이행,포장 - 건조,맑음,교차로 - 교차로안,승합,남,57세,상해없음,보행자,남,59세,경상
2021,2019050800100038,2019년 5월 8일 00시,수요일,전라북도 군산시 문화동,중상사고,0,1,0,0,차대사람 - 길가장자리구역통행중,안전운전불이행,포장 - 건조,맑음,단일로 - 지하차도(도로)내,승용,남,73세,상해없음,보행자,남,62세,중상
2022,2019050800100361,2019년 5월 8일 14시,수요일,전라북도 전주시 완산구 효자동1가,중상사고,0,1,1,0,차대사람 - 횡단중,신호위반,포장 - 건조,맑음,단일로 - 기타,승용,여,52세,경상,보행자,여,44세,중상
2023,2019050800100448,2019년 5월 8일 16시,수요일,전라북도 군산시 중앙로1가,중상사고,0,1,0,0,차대사람 - 차도통행중,안전운전불이행,포장 - 건조,맑음,단일로 - 기타,승용,남,56세,상해없음,보행자,여,35세,중상
2024,2019050800100492,2019년 5월 8일 17시,수요일,전라북도 김제시 신풍동,중상사고,0,1,0,0,차대사람 - 기타,안전운전불이행,포장 - 건조,맑음,기타 - 기타,승용,남,61세,상해없음,보행자,남,64세,중상
2025,2019050800100687,2019년 5월 8일 22시,수요일,전라북도 군산시 미장동,부상신고사고,0,0,0,1,차대사람 - 횡단중,안전운전불이행,포장 - 건조,기타,교차로 - 교차로안,승용,여,55세,상해없음,보행자,남,61세,부상신고
2026,2019050900100248,2019년 5월 9일 11시,목요일,전라북도 전주시 완산구 중화산동1가,부상신고사고,0,0,0,1,차대사람 - 횡단중,기타,포장 - 건조,맑음,교차로 - 교차로횡단보도내,승용,남,70세,상해없음,보행자,여,19세,부상신고
2027,2019050900100317,2019년 5월 9일 13시,목요일,전라북도 익산시 동산동,경상사고,0,0,1,0,차대사람 - 길가장자리구역통행중,안전운전불이행,포장 - 건조,맑음,단일로 - 기타,승용,남,49세,상해없음,보행자,남,60세,경상
2028,2019050900100361,2019년 5월 9일 14시,목요일,전라북도 익산시 동산동,중상사고,0,1,0,0,차대사람 - 횡단중,보행자보호의무위반,포장 - 건조,맑음,단일로 - 기타,승용,남,33세,상해없음,보행자,남,7세,중상
2029,2019050900100388,2019년 5월 9일 15시,목요일,전라북도 익산시 어양동,경상사고,0,0,1,0,차대사람 - 횡단중,보행자보호의무위반,포장 - 건조,맑음,교차로 - 교차로횡단보도내,승용,여,36세,상해없음,보행자,여,59세,경상
2030,2019050900100425,2019년 5월 9일 16시,목요일,전라북도 군산시 미장동,경상사고,0,0,1,0,차대사람 - 기타,보행자보호의무위반,포장 - 건조,맑음,교차로 - 교차로안,승용,여,57세,상해없음,보행자,남,7세,경상
2031,2019050900100427,2019년 5월 9일 16시,목요일,전라북도 익산시 어양동,중상사고,0,1,0,0,차대사람 - 횡단중,보행자보호의무위반,포장 - 건조,맑음,교차로 - 교차로부근,화물,남,57세,상해없음,보행자,남,7세,중상
2032,2019050900100650,2019년 5월 9일 22시,목요일,전라북도 전주시 덕진구 금암동,경상사고,0,0,1,0,차대사람 - 기타,안전운전불이행,포장 - 건조,맑음,단일로 - 기타,승용,남,85세,상해없음,보행자,남,24세,경상
2033,2019051000100288,2019년 5월 10일 12시,금요일,전라북도 전주시 완산구 고사동,경상사고,0,0,1,0,차대사람 - 기타,안전운전불이행,포장 - 건조,맑음,단일로 - 기타,승용,여,22세,상해없음,보행자,여,20세,경상
2034,2019051000100290,2019년 5월 10일 12시,금요일,전라북도 군산시 신풍동,중상사고,0,1,0,0,차대사람 - 횡단중,신호위반,포장 - 건조,맑음,교차로 - 교차로횡단보도내,승용,남,45세,상해없음,보행자,여,69세,중상
2035,2019051000100651,2019년 5월 10일 20시,금요일,전라북도 정읍시 망제동,경상사고,0,0,1,0,차대사람 - 횡단중,보행자보호의무위반,포장 - 건조,맑음,교차로 - 교차로안,승용,남,30세,상해없음,보행자,여,72세,경상
2036,2019051100100495,2019년 5월 11일 16시,토요일,전라북도 익산시 신동,경상사고,0,0,1,0,차대사람 - 횡단중,안전운전불이행,포장 - 건조,맑음,교차로 - 교차로안,승용,남,61세,상해없음,보행자,남,19세,경상
2037,2019051100100652,2019년 5월 11일 20시,토요일,전라북도 익산시 남중동,경상사고,0,0,1,0,차대사람 - 차도통행중,안전운전불이행,포장 - 건조,맑음,교차로 - 교차로안,승용,남,31세,상해없음,보행자,남,49세,경상
2038,2019051200100171,2019년 5월 12일 10시,일요일,전라북도 군산시 금광동,중상사고,0,1,0,0,차대사람 - 횡단중,안전운전불이행,포장 - 건조,맑음,단일로 - 기타,승합,남,37세,상해없음,보행자,여,66세,중상
2039,2019051200100328,2019년 5월 12일 15시,일요일,전라북도 전주시 덕진구 인후동1가,경상사고,0,0,1,0,차대사람 - 차도통행중,안전운전불이행,포장 - 건조,맑음,단일로 - 기타,승용,여,48세,상해없음,보행자,여,15세,경상
2040,2019051300100169,2019년 5월 13일 09시,월요일,전라북도 남원시 금동,중상사고,0,1,0,0,차대사람 - 차도통행중,안전운전불이행,포장 - 건조,맑음,교차로 - 교차로안,화물,남,70세,상해없음,보행자,여,82세,중상
2041,2019051300100212,2019년 5월 13일 10시,월요일,전라북도 진안군 주천면,사망사고,1,0,0,0,차대사람 - 기타,안전운전불이행,포장 - 건조,맑음,교차로 - 교차로부근,승용,남,72세,상해없음,보행자,여,90세 이상,사망
2042,2019051300100244,2019년 5월 13일 11시,월요일,전라북도 고창군 고창읍,중상사고,0,1,0,0,차대사람 - 기타,안전운전불이행,포장 - 건조,맑음,주차장 - 주차장,화물,남,67세,상해없음,보행자,여,90세 이상,중상
2043,2019051300100637,2019년 5월 13일 23시,월요일,전라북도 정읍시 수성동,경상사고,0,0,1,0,차대사람 - 차도통행중,안전운전불이행,포장 - 건조,맑음,단일로 - 기타,승용,남,49세,상해없음,보행자,남,34세,경상
2044,2019051400100204,2019년 5월 14일 10시,화요일,전라북도 익산시 남중동,중상사고,0,1,0,0,차대사람 - 차도통행중,안전운전불이행,포장 - 건조,맑음,단일로 - 기타,승용,남,69세,기타불명,보행자,여,80세,중상
2045,2019051400100338,2019년 5월 14일 14시,화요일,전라북도 군산시 조촌동,경상사고,0,0,1,0,차대사람 - 길가장자리구역통행중,안전운전불이행,포장 - 건조,맑음,단일로 - 지하차도(도로)내,승용,여,37세,상해없음,보행자,여,60세,경상
2046,2019051400100470,2019년 5월 14일 17시,화요일,전라북도 군산시 미원동,경상사고,0,0,1,0,차대사람 - 횡단중,보행자보호의무위반,포장 - 건조,맑음,교차로 - 교차로횡단보도내,화물,남,27세,상해없음,보행자,여,69세,경상
2047,2019051400100523,2019년 5월 14일 18시,화요일,전라북도 전주시 덕진구 금암동,중상사고,0,1,1,0,차대사람 - 횡단중,보행자보호의무위반,포장 - 건조,맑음,교차로 - 교차로횡단보도내,승용,남,32세,상해없음,보행자,남,70세,중상
2048,2019051400100561,2019년 5월 14일 19시,화요일,전라북도 부안군 부안읍,경상사고,0,0,1,0,차대사람 - 기타,안전운전불이행,포장 - 건조,맑음,교차로 - 교차로부근,승용,남,35세,상해없음,보행자,남,16세,경상
2049,2019051400100602,2019년 5월 14일 20시,화요일,전라북도 군산시 나운동,경상사고,0,0,1,0,차대사람 - 기타,보행자보호의무위반,포장 - 건조,맑음,단일로 - 기타,승용,남,22세,상해없음,보행자,여,8세,경상
2050,2019051500100228,2019년 5월 15일 10시,수요일,전라북도 군산시 대명동,경상사고,0,0,1,0,차대사람 - 횡단중,보행자보호의무위반,포장 - 건조,맑음,교차로 - 교차로횡단보도내,화물,남,53세,상해없음,보행자,여,72세,경상
2051,2019051500100456,2019년 5월 15일 16시,수요일,전라북도 군산시 나운동,경상사고,0,0,1,0,차대사람 - 횡단중,안전운전불이행,포장 - 건조,맑음,교차로 - 교차로부근,승용,남,54세,상해없음,보행자,남,13세,경상
2052,2019051600100086,2019년 5월 16일 04시,목요일,전라북도 전주시 덕진구 금암동,중상사고,0,1,0,0,차대사람 - 횡단중,안전운전불이행,포장 - 건조,맑음,교차로 - 교차로횡단보도내,승용,남,37세,상해없음,보행자,남,20세,중상
2053,2019051600100222,2019년 5월 16일 09시,목요일,전라북도 전주시 덕진구 송천동1가,경상사고,0,0,1,0,차대사람 - 횡단중,보행자보호의무위반,포장 - 건조,맑음,교차로 - 교차로안,승용,여,36세,상해없음,보행자,여,55세,경상
2054,2019051600100462,2019년 5월 16일 16시,목요일,전라북도 전주시 완산구 서신동,중상사고,0,1,0,0,차대사람 - 횡단중,안전운전불이행,포장 - 건조,맑음,단일로 - 기타,승용,남,47세,상해없음,보행자,여,59세,중상
2055,2019051700100029,2019년 5월 17일 00시,금요일,전라북도 전주시 덕진구 인후동1가,경상사고,0,0,1,0,차대사람 - 횡단중,보행자보호의무위반,포장 - 건조,맑음,교차로 - 교차로횡단보도내,승용,여,38세,상해없음,보행자,남,67세,경상
2056,2019051700100106,2019년 5월 17일 07시,금요일,전라북도 전주시 덕진구 인후동1가,경상사고,0,0,1,0,차대사람 - 횡단중,안전운전불이행,포장 - 건조,맑음,교차로 - 교차로부근,승용,여,56세,상해없음,보행자,남,71세,경상
2057,2019051700100149,2019년 5월 17일 08시,금요일,전라북도 군산시 소룡동,중상사고,0,1,0,0,차대사람 - 횡단중,보행자보호의무위반,포장 - 건조,맑음,교차로 - 교차로횡단보도내,화물,남,24세,상해없음,보행자,남,81세,중상
2058,2019051700100150,2019년 5월 17일 08시,금요일,전라북도 익산시 남중동,경상사고,0,0,1,0,차대사람 - 횡단중,보행자보호의무위반,포장 - 건조,맑음,단일로 - 기타,승용,여,51세,상해없음,보행자,남,56세,경상
2059,2019051700100152,2019년 5월 17일 08시,금요일,전라북도 임실군 임실읍,경상사고,0,0,1,0,차대사람 - 횡단중,보행자보호의무위반,포장 - 건조,맑음,교차로 - 교차로안,화물,남,54세,상해없음,보행자,남,25세,경상
2060,2019051700100242,2019년 5월 17일 11시,금요일,전라북도 정읍시 시기동,중상사고,0,1,0,0,차대사람 - 횡단중,안전운전불이행,포장 - 건조,맑음,단일로 - 기타,승용,남,25세,상해없음,보행자,여,21세,중상
2061,2019051700100277,2019년 5월 17일 12시,금요일,전라북도 부안군 변산면,경상사고,0,0,1,0,차대사람 - 차도통행중,안전운전불이행,포장 - 건조,맑음,교차로 - 교차로안,화물,남,58세,상해없음,보행자,남,30세,경상
2062,2019051700100614,2019년 5월 17일 20시,금요일,전라북도 전주시 완산구 효자동3가,경상사고,0,0,1,0,차대사람 - 횡단중,보행자보호의무위반,포장 - 젖음/습기,비,교차로 - 교차로횡단보도내,승용,남,71세,상해없음,보행자,남,25세,경상
2063,2019051900100085,2019년 5월 19일 04시,일요일,전라북도 익산시 함열읍,중상사고,0,1,0,0,차대사람 - 길가장자리구역통행중,안전운전불이행,포장 - 건조,맑음,단일로 - 기타,기타불명,기타불명,미분류,기타불명,보행자,남,44세,중상
2064,2019051900100221,2019년 5월 19일 12시,일요일,전라북도 군산시 장재동,중상사고,0,1,0,0,차대사람 - 차도통행중,안전운전불이행,포장 - 건조,맑음,단일로 - 지하차도(도로)내,승용,남,84세,기타불명,보행자,남,77세,중상
2065,2019051900100273,2019년 5월 19일 14시,일요일,전라북도 전주시 완산구 평화동2가,경상사고,0,0,1,0,차대사람 - 기타,안전운전불이행,포장 - 건조,맑음,교차로 - 교차로부근,승용,남,60세,상해없음,보행자,여,23세,경상
2066,2019051900100274,2019년 5월 19일 14시,일요일,전라북도 전주시 완산구 평화동2가,중상사고,0,1,0,0,차대사람 - 횡단중,보행자보호의무위반,포장 - 건조,맑음,교차로 - 교차로횡단보도내,승용,남,23세,상해없음,보행자,남,76세,중상
2067,2019051900100565,2019년 5월 19일 22시,일요일,전라북도 군산시 개정동,중상사고,0,1,0,0,차대사람 - 차도통행중,안전운전불이행,포장 - 젖음/습기,흐림,단일로 - 기타,승용,남,42세,상해없음,보행자,남,61세,중상
2068,2019052000100136,2019년 5월 20일 08시,월요일,전라북도 정읍시 덕천면,경상사고,0,0,1,0,차대사람 - 기타,안전운전불이행,포장 - 건조,맑음,단일로 - 기타,화물,남,81세,상해없음,보행자,남,56세,경상
2069,2019052000100137,2019년 5월 20일 08시,월요일,전라북도 장수군 번암면,중상사고,0,1,0,0,차대사람 - 횡단중,안전운전불이행,포장 - 젖음/습기,흐림,단일로 - 기타,건설기계,남,43세,상해없음,보행자,여,81세,중상
2070,2019052000100309,2019년 5월 20일 13시,월요일,전라북도 정읍시 수성동,중상사고,0,1,0,0,차대사람 - 횡단중,보행자보호의무위반,포장 - 건조,맑음,교차로 - 교차로횡단보도내,승용,여,66세,상해없음,보행자,여,79세,중상
2071,2019052000100388,2019년 5월 20일 15시,월요일,전라북도 익산시 신동,경상사고,0,0,1,0,차대사람 - 기타,안전운전불이행,포장 - 건조,맑음,단일로 - 기타,이륜,남,66세,상해없음,보행자,남,22세,경상
2072,2019052000100500,2019년 5월 20일 17시,월요일,전라북도 익산시 모현동1가,경상사고,0,0,1,0,차대사람 - 횡단중,보행자보호의무위반,포장 - 건조,맑음,교차로 - 교차로횡단보도내,승용,여,57세,상해없음,보행자,남,16세,경상
2073,2019052000100501,2019년 5월 20일 17시,월요일,전라북도 김제시 요촌동,중상사고,0,1,0,0,차대사람 - 횡단중,보행자보호의무위반,포장 - 건조,맑음,교차로 - 교차로횡단보도내,화물,남,70세,상해없음,보행자,여,67세,중상
2074,2019052000100548,2019년 5월 20일 18시,월요일,전라북도 군산시 나운동,경상사고,0,0,1,0,차대사람 - 횡단중,보행자보호의무위반,포장 - 건조,맑음,단일로 - 기타,승용,남,29세,상해없음,보행자,여,8세,경상
2075,2019052100100069,2019년 5월 21일 02시,화요일,전라북도 전주시 덕진구 인후동1가,경상사고,0,0,1,0,차대사람 - 보도통행중,기타,포장 - 건조,맑음,단일로 - 기타,승용,여,38세,상해없음,보행자,남,28세,경상
2076,2019052100100221,2019년 5월 21일 09시,화요일,전라북도 군산시 옥도면,중상사고,0,1,0,0,차대사람 - 횡단중,안전운전불이행,포장 - 건조,맑음,단일로 - 기타,승용,남,54세,상해없음,보행자,남,58세,중상
2077,2019052100100285,2019년 5월 21일 11시,화요일,전라북도 전주시 덕진구 반월동,중상사고,0,1,0,0,차대사람 - 횡단중,보행자보호의무위반,포장 - 건조,맑음,교차로 - 교차로횡단보도내,화물,남,50세,상해없음,보행자,여,80세,중상
2078,2019052100100380,2019년 5월 21일 14시,화요일,전라북도 전주시 완산구 태평동,경상사고,0,0,1,0,차대사람 - 기타,안전운전불이행,포장 - 건조,맑음,기타 - 기타,화물,남,69세,상해없음,보행자,여,63세,경상
2079,2019052100100413,2019년 5월 21일 15시,화요일,전라북도 전주시 완산구 태평동,중상사고,0,1,0,0,차대사람 - 차도통행중,안전운전불이행,포장 - 건조,맑음,단일로 - 기타,승용,남,70세,상해없음,보행자,여,83세,중상
2080,2019052100100505,2019년 5월 21일 17시,화요일,전라북도 군산시 수송동,경상사고,0,0,1,0,차대사람 - 기타,안전운전불이행,포장 - 건조,맑음,주차장 - 주차장,승용,여,23세,상해없음,보행자,여,19세,경상
2081,2019052100100607,2019년 5월 21일 19시,화요일,전라북도 정읍시 상동,경상사고,0,0,1,0,차대사람 - 차도통행중,안전운전불이행,포장 - 건조,맑음,단일로 - 기타,승용,남,48세,상해없음,보행자,남,37세,경상
2082,2019052200100417,2019년 5월 22일 15시,수요일,전라북도 정읍시 칠보면,경상사고,0,0,1,0,차대사람 - 기타,안전운전불이행,포장 - 건조,맑음,단일로 - 기타,화물,남,61세,상해없음,보행자,여,20세,경상
2083,2019052200100690,2019년 5월 22일 22시,수요일,전라북도 전주시 완산구 효자동2가,중상사고,0,1,0,0,차대사람 - 기타,안전운전불이행,포장 - 건조,기타,기타 - 기타,자전거,남,15세,상해없음,보행자,여,74세,중상
2084,2019052300100034,2019년 5월 23일 00시,목요일,전라북도 전주시 완산구 삼천동1가,중상사고,0,1,0,0,차대사람 - 횡단중,안전운전불이행,포장 - 건조,기타,교차로 - 교차로안,승용,여,55세,상해없음,보행자,남,58세,중상
2085,2019052300100201,2019년 5월 23일 09시,목요일,전라북도 군산시 영동,경상사고,0,0,1,0,차대사람 - 기타,안전운전불이행,포장 - 건조,맑음,단일로 - 기타,자전거,여,48세,상해없음,보행자,여,73세,경상
2086,2019052300100230,2019년 5월 23일 10시,목요일,전라북도 전주시 덕진구 인후동1가,중상사고,0,1,0,0,차대사람 - 차도통행중,안전운전불이행,포장 - 건조,맑음,단일로 - 기타,승합,남,50세,상해없음,보행자,여,74세,중상
2087,2019052300100346,2019년 5월 23일 13시,목요일,전라북도 고창군 고창읍,경상사고,0,0,1,0,차대사람 - 기타,안전운전불이행,포장 - 건조,맑음,단일로 - 기타,승용,여,51세,상해없음,보행자,여,52세,경상
2088,2019052300100452,2019년 5월 23일 16시,목요일,전라북도 부안군 동진면,중상사고,0,1,1,0,차대사람 - 기타,안전운전불이행,포장 - 건조,맑음,기타 - 기타,승용,여,59세,상해없음,보행자,남,75세,중상
2089,2019052300100485,2019년 5월 23일 17시,목요일,전라북도 전주시 덕진구 인후동2가,경상사고,0,0,1,0,차대사람 - 차도통행중,안전운전불이행,포장 - 건조,맑음,단일로 - 기타,승용,남,62세,상해없음,보행자,남,14세,경상
2090,2019052300100713,2019년 5월 23일 23시,목요일,전라북도 전주시 덕진구 인후동1가,중상사고,0,1,0,0,차대사람 - 횡단중,보행자보호의무위반,포장 - 건조,흐림,교차로 - 교차로횡단보도내,특수,남,32세,상해없음,보행자,여,17세,중상
2091,2019052400100050,2019년 5월 24일 01시,금요일,전라북도 군산시 나운동,중상사고,0,1,0,0,차대사람 - 차도통행중,안전운전불이행,포장 - 건조,맑음,교차로 - 교차로안,승용,남,66세,상해없음,보행자,남,59세,중상
2092,2019052400100118,2019년 5월 24일 07시,금요일,전라북도 익산시 영등동,경상사고,0,0,1,0,차대사람 - 횡단중,보행자보호의무위반,포장 - 건조,맑음,교차로 - 교차로안,승용,남,37세,상해없음,보행자,여,57세,경상
2093,2019052400100431,2019년 5월 24일 15시,금요일,전라북도 군산시 수송동,경상사고,0,0,1,0,차대사람 - 횡단중,안전운전불이행,포장 - 건조,맑음,교차로 - 교차로부근,기타불명,기타불명,미분류,기타불명,보행자,여,21세,경상
2094,2019052400100772,2019년 5월 24일 23시,금요일,전라북도 전주시 완산구 효자동3가,중상사고,0,1,0,0,차대사람 - 횡단중,과속,포장 - 건조,맑음,교차로 - 교차로안,승용,남,55세,상해없음,보행자,여,25세,중상
2095,2019052500100110,2019년 5월 25일 06시,토요일,전라북도 전주시 완산구 서완산동1가,경상사고,0,0,1,0,차대사람 - 횡단중,신호위반,포장 - 건조,맑음,교차로 - 교차로안,승용,여,39세,상해없음,보행자,여,59세,경상
2096,2019052500100186,2019년 5월 25일 09시,토요일,전라북도 전주시 완산구 평화동1가,경상사고,0,0,1,0,차대사람 - 보도통행중,보행자보호의무위반,포장 - 건조,맑음,단일로 - 기타,승용,여,67세,상해없음,보행자,남,59세,경상
2097,2019052500100335,2019년 5월 25일 13시,토요일,전라북도 군산시 중앙로1가,경상사고,0,0,1,0,차대사람 - 횡단중,보행자보호의무위반,포장 - 건조,맑음,교차로 - 교차로횡단보도내,승용,여,67세,상해없음,보행자,남,68세,경상
2098,2019052500100416,2019년 5월 25일 15시,토요일,전라북도 익산시 부송동,중상사고,0,1,0,0,차대사람 - 차도통행중,안전운전불이행,포장 - 건조,맑음,단일로 - 기타,승용,남,59세,상해없음,보행자,남,8세,중상
2099,2019052500100492,2019년 5월 25일 17시,토요일,전라북도 전주시 완산구 서신동,중상사고,0,1,0,0,차대사람 - 보도통행중,신호위반,포장 - 건조,맑음,교차로 - 교차로횡단보도내,승용,여,46세,상해없음,보행자,남,24세,중상
2100,2019052600100132,2019년 5월 26일 09시,일요일,전라북도 고창군 해리면,중상사고,0,1,0,0,차대사람 - 기타,안전운전불이행,비포장 - 건조,맑음,기타 - 기타,승용,남,36세,상해없음,보행자,남,6세,중상
2101,2019052600100330,2019년 5월 26일 15시,일요일,전라북도 익산시 송학동,중상사고,0,1,0,0,차대사람 - 횡단중,신호위반,포장 - 건조,맑음,교차로 - 교차로횡단보도내,승용,남,48세,상해없음,보행자,여,13세,중상
2102,2019052700100157,2019년 5월 27일 08시,월요일,전라북도 전주시 완산구 남노송동,경상사고,0,0,1,0,차대사람 - 기타,안전운전불이행,포장 - 젖음/습기,비,단일로 - 기타,승용,남,48세,상해없음,보행자,남,18세,경상