,사고번호,사고일시,요일,시군구,사고내용,사망자수,중상자수,경상자수,부상신고자수,사고유형,법규위반,노면상태,기상상태,도로형태,가해운전자 차종,가해운전자 성별,가해운전자 연령,가해운전자 상해정도,피해운전자 차종,피해운전자 성별,피해운전자 연령,피해운전자 상해정도
2103,2019052700100310,2019년 5월 27일 12시,월요일,전라북도 전주시 완산구 삼천동1가,중상사고,0,1,0,0,차대사람 - 횡단중,보행자보호의무위반,포장 - 젖음/습기,비,교차로 - 교차로횡단보도내,승용,여,26세,상해없음,보행자,여,54세,중상
2104,2019052700100605,2019년 5월 27일 21시,월요일,전라북도 전주시 덕진구 금암동,중상사고,0,1,0,0,차대사람 - 기타,안전운전불이행,포장 - 젖음/습기,비,단일로 - 기타,승용,남,64세,상해없음,보행자,여,62세,중상
2105,2019052800100031,2019년 5월 28일 00시,화요일,전라북도 남원시 쌍교동,중상사고,0,1,0,0,차대사람 - 기타,안전운전불이행,포장 - 건조,흐림,단일로 - 기타,승용,남,44세,상해없음,보행자,남,39세,중상
2106,2019052800100082,2019년 5월 28일 06시,화요일,전라북도 전주시 덕진구 팔복동1가,중상사고,0,1,0,0,차대사람 - 횡단중,안전운전불이행,포장 - 건조,맑음,교차로 - 교차로부근,승용,남,54세,상해없음,보행자,여,72세,중상
2107,2019052800100261,2019년 5월 28일 11시,화요일,전라북도 익산시 남중동,중상사고,0,1,0,0,차대사람 - 횡단중,안전운전불이행,포장 - 건조,맑음,단일로 - 기타,승용,여,48세,상해없음,보행자,여,86세,중상
2108,2019052800100320,2019년 5월 28일 13시,화요일,전라북도 부안군 진서면,중상사고,0,1,0,0,차대사람 - 기타,안전운전불이행,포장 - 건조,맑음,단일로 - 기타,화물,남,55세,상해없음,보행자,남,45세,중상
2109,2019052800100415,2019년 5월 28일 15시,화요일,전라북도 전주시 완산구 삼천동1가,경상사고,0,0,1,0,차대사람 - 기타,안전운전불이행,포장 - 건조,맑음,교차로 - 교차로부근,승용,남,61세,상해없음,보행자,남,86세,경상
2110,2019052800100467,2019년 5월 28일 16시,화요일,전라북도 순창군 인계면,중상사고,0,1,0,1,차대사람 - 기타,안전운전불이행,포장 - 건조,맑음,기타 - 기타,건설기계,남,60세,부상신고,보행자,남,50세,중상
2111,2019052900100258,2019년 5월 29일 11시,수요일,전라북도 전주시 완산구 서신동,중상사고,0,1,0,0,차대사람 - 보도통행중,기타,포장 - 건조,맑음,교차로 - 교차로부근,승용,남,44세,상해없음,보행자,여,70세,중상
2112,2019052900100259,2019년 5월 29일 11시,수요일,전라북도 익산시 갈산동,중상사고,0,1,0,0,차대사람 - 횡단중,안전운전불이행,포장 - 건조,맑음,단일로 - 기타,이륜,남,56세,상해없음,보행자,남,74세,중상
2113,2019052900100402,2019년 5월 29일 15시,수요일,전라북도 부안군 부안읍,중상사고,0,1,0,0,차대사람 - 기타,불법유턴,포장 - 건조,맑음,기타 - 기타,승용,남,45세,상해없음,보행자,여,64세,중상
2114,2019052900100558,2019년 5월 29일 18시,수요일,전라북도 전주시 완산구 효자동3가,경상사고,0,0,1,0,차대사람 - 횡단중,보행자보호의무위반,포장 - 건조,맑음,교차로 - 교차로안,승용,여,26세,상해없음,보행자,여,14세,경상
2115,2019052900100560,2019년 5월 29일 18시,수요일,전라북도 정읍시 농소동,중상사고,0,1,1,0,차대사람 - 횡단중,보행자보호의무위반,포장 - 건조,맑음,교차로 - 교차로횡단보도내,승용,남,54세,상해없음,보행자,여,81세,중상
2116,2019052900100679,2019년 5월 29일 21시,수요일,전라북도 전주시 덕진구 팔복동1가,사망사고,1,0,0,0,차대사람 - 횡단중,안전운전불이행,포장 - 건조,맑음,단일로 - 기타,승용,남,39세,상해없음,보행자,남,66세,사망
2117,2019052900100727,2019년 5월 29일 23시,수요일,전라북도 군산시 수송동,경상사고,0,0,2,0,차대사람 - 보도통행중,신호위반,포장 - 건조,맑음,교차로 - 교차로안,승용,남,74세,상해없음,보행자,여,21세,경상
2118,2019053000100229,2019년 5월 30일 10시,목요일,전라북도 부안군 부안읍,중상사고,0,1,0,0,차대사람 - 횡단중,보행자보호의무위반,포장 - 건조,맑음,교차로 - 교차로횡단보도내,원동기,남,51세,상해없음,보행자,여,77세,중상
2119,2019053000100487,2019년 5월 30일 18시,목요일,전라북도 고창군 고수면,중상사고,0,1,0,0,차대사람 - 기타,안전운전불이행,포장 - 건조,맑음,기타 - 기타,승합,여,54세,상해없음,보행자,여,83세,중상
2120,2019053100100378,2019년 5월 31일 14시,금요일,전라북도 전주시 완산구 효자동2가,중상사고,0,1,0,0,차대사람 - 횡단중,안전운전불이행,포장 - 건조,맑음,교차로 - 교차로부근,승용,남,60세,상해없음,보행자,여,6세,중상
2121,2019053100100379,2019년 5월 31일 14시,금요일,전라북도 군산시 지곡동,경상사고,0,0,1,0,차대사람 - 기타,안전운전불이행,포장 - 건조,맑음,단일로 - 기타,승용,남,59세,상해없음,보행자,여,7세,경상
2122,2019053100100419,2019년 5월 31일 15시,금요일,전라북도 군산시 임피면,경상사고,0,0,1,0,차대사람 - 횡단중,보행자보호의무위반,포장 - 건조,맑음,교차로 - 교차로횡단보도내,승용,남,30세,상해없음,보행자,남,85세,경상
2123,2019053100100584,2019년 5월 31일 18시,금요일,전라북도 전주시 완산구 다가동3가,경상사고,0,0,1,0,차대사람 - 횡단중,안전운전불이행,포장 - 건조,맑음,단일로 - 기타,기타불명,기타불명,미분류,기타불명,보행자,여,20세,경상
2124,2019053100100587,2019년 5월 31일 18시,금요일,전라북도 완주군 봉동읍,중상사고,0,1,0,0,차대사람 - 보도통행중,기타,포장 - 건조,맑음,단일로 - 기타,원동기,남,36세,상해없음,보행자,남,11세,중상
2125,2019053100100671,2019년 5월 31일 20시,금요일,전라북도 익산시 신흥동,경상사고,0,0,1,0,차대사람 - 횡단중,안전운전불이행,포장 - 건조,맑음,단일로 - 기타,이륜,남,44세,상해없음,보행자,남,13세,경상
2126,2019053100100755,2019년 5월 31일 22시,금요일,전라북도 전주시 덕진구 송천동1가,중상사고,0,1,0,0,차대사람 - 횡단중,안전운전불이행,포장 - 건조,맑음,단일로 - 기타,승합,남,61세,상해없음,보행자,여,6세,중상
2127,2019060200100180,2019년 6월 2일 12시,일요일,전라북도 부안군 부안읍,중상사고,0,1,0,0,차대사람 - 횡단중,안전운전불이행,포장 - 건조,맑음,교차로 - 교차로부근,승용,여,27세,상해없음,보행자,여,74세,중상
2128,2019060300100185,2019년 6월 3일 09시,월요일,전라북도 전주시 완산구 효자동1가,경상사고,0,0,1,0,차대사람 - 기타,불법유턴,포장 - 건조,맑음,단일로 - 기타,화물,남,51세,상해없음,보행자,여,56세,경상
2129,2019060300100225,2019년 6월 3일 10시,월요일,전라북도 전주시 완산구 동완산동,중상사고,0,1,0,0,차대사람 - 횡단중,보행자보호의무위반,포장 - 건조,맑음,교차로 - 교차로횡단보도내,승용,남,62세,상해없음,보행자,여,60세,중상
2130,2019060300100226,2019년 6월 3일 10시,월요일,전라북도 군산시 서흥남동,중상사고,0,1,0,0,차대사람 - 차도통행중,안전운전불이행,포장 - 건조,맑음,교차로 - 교차로안,승용,여,61세,상해없음,보행자,여,70세,중상
2131,2019060300100395,2019년 6월 3일 15시,월요일,전라북도 김제시 요촌동,경상사고,0,0,1,0,차대사람 - 기타,안전운전불이행,포장 - 건조,맑음,교차로 - 교차로부근,승합,남,45세,상해없음,보행자,남,46세,경상
2132,2019060300100554,2019년 6월 3일 20시,월요일,전라북도 정읍시 공평동,중상사고,0,1,0,0,차대사람 - 횡단중,안전운전불이행,포장 - 건조,맑음,단일로 - 기타,승용,남,66세,상해없음,보행자,남,73세,중상
2133,2019060400100349,2019년 6월 4일 14시,화요일,전라북도 정읍시 시기동,중상사고,0,1,0,0,차대사람 - 횡단중,안전운전불이행,포장 - 건조,맑음,교차로 - 교차로부근,화물,남,63세,상해없음,보행자,여,65세,중상
2134,2019060400100482,2019년 6월 4일 17시,화요일,전라북도 익산시 신동,중상사고,0,1,0,0,차대사람 - 횡단중,보행자보호의무위반,포장 - 건조,맑음,교차로 - 교차로안,화물,남,41세,상해없음,보행자,여,49세,중상
2135,2019060400100606,2019년 6월 4일 20시,화요일,전라북도 익산시 주현동,경상사고,0,0,2,0,차대사람 - 횡단중,안전운전불이행,포장 - 건조,맑음,단일로 - 기타,이륜,남,67세,경상,보행자,여,84세,경상
2136,2019060400100640,2019년 6월 4일 21시,화요일,전라북도 전주시 완산구 평화동2가,경상사고,0,0,1,0,차대사람 - 횡단중,보행자보호의무위반,포장 - 건조,맑음,교차로 - 교차로횡단보도내,승합,남,57세,상해없음,보행자,여,59세,경상
2137,2019060500100099,2019년 6월 5일 07시,수요일,전라북도 남원시 주생면,경상사고,0,0,1,0,차대사람 - 횡단중,안전운전불이행,포장 - 건조,맑음,단일로 - 기타,승합,남,69세,상해없음,보행자,여,63세,경상
2138,2019060500100399,2019년 6월 5일 15시,수요일,전라북도 군산시 조촌동,경상사고,0,0,1,0,차대사람 - 기타,신호위반,포장 - 건조,맑음,교차로 - 교차로횡단보도내,승용,남,35세,상해없음,보행자,남,12세,경상
2139,2019060500100443,2019년 6월 5일 16시,수요일,전라북도 군산시 수송동,경상사고,0,0,1,0,차대사람 - 횡단중,보행자보호의무위반,포장 - 건조,맑음,교차로 - 교차로횡단보도내,승용,여,54세,상해없음,보행자,남,11세,경상
2140,2019060500100444,2019년 6월 5일 16시,수요일,전라북도 부안군 부안읍,중상사고,0,1,0,0,차대사람 - 길가장자리구역통행중,기타,포장 - 건조,맑음,교차로 - 교차로부근,승용,남,49세,상해없음,보행자,여,60세,중상
2141,2019060500100561,2019년 6월 5일 18시,수요일,전라북도 전주시 덕진구 인후동1가,부상신고사고,0,0,0,1,차대사람 - 횡단중,안전운전불이행,포장 - 건조,맑음,교차로 - 교차로횡단보도내,승용,여,58세,상해없음,보행자,여,20세,부상신고
2142,2019060500100562,2019년 6월 5일 18시,수요일,전라북도 익산시 금마면,경상사고,0,0,2,0,차대사람 - 기타,안전운전불이행,포장 - 건조,맑음,단일로 - 기타,승합,남,49세,기타불명,보행자,여,38세,경상
2143,2019060500100731,2019년 6월 5일 22시,수요일,전라북도 전주시 완산구 효자동3가,경상사고,0,0,1,0,차대사람 - 횡단중,안전운전불이행,포장 - 건조,맑음,교차로 - 교차로횡단보도내,승용,여,29세,상해없음,보행자,남,49세,경상
2144,2019060600100045,2019년 6월 6일 01시,목요일,전라북도 전주시 완산구 평화동1가,경상사고,0,0,1,0,차대사람 - 횡단중,신호위반,포장 - 건조,맑음,교차로 - 교차로안,승용,남,53세,상해없음,보행자,남,28세,경상
2145,2019060600100068,2019년 6월 6일 02시,목요일,전라북도 전주시 완산구 효자동2가,경상사고,0,0,1,0,차대사람 - 횡단중,안전운전불이행,포장 - 건조,맑음,단일로 - 지하차도(도로)내,승용,남,50세,상해없음,보행자,남,22세,경상
2146,2019060600100170,2019년 6월 6일 10시,목요일,전라북도 정읍시 수성동,경상사고,0,0,1,0,차대사람 - 횡단중,안전운전불이행,포장 - 건조,맑음,교차로 - 교차로부근,이륜,남,66세,상해없음,보행자,남,5세,경상
2147,2019060600100472,2019년 6월 6일 19시,목요일,전라북도 전주시 완산구 중앙동1가,경상사고,0,0,2,0,차대사람 - 횡단중,보행자보호의무위반,포장 - 젖음/습기,비,교차로 - 교차로횡단보도내,이륜,남,21세,상해없음,보행자,여,29세,경상
2148,2019060600100507,2019년 6월 6일 20시,목요일,전라북도 김제시 신풍동,경상사고,0,0,1,0,차대사람 - 횡단중,안전운전불이행,포장 - 젖음/습기,비,교차로 - 교차로안,승용,남,56세,상해없음,보행자,남,16세,경상
2149,2019060600100602,2019년 6월 6일 22시,목요일,전라북도 군산시 나운동,중상사고,0,1,0,0,차대사람 - 기타,안전운전불이행,포장 - 젖음/습기,비,교차로 - 교차로안,승용,남,53세,상해없음,보행자,남,57세,중상
2150,2019060700100282,2019년 6월 7일 12시,금요일,전라북도 군산시 신창동,경상사고,0,0,1,0,차대사람 - 차도통행중,안전운전불이행,포장 - 젖음/습기,비,교차로 - 교차로안,승용,남,53세,상해없음,보행자,남,30세,경상
2151,2019060700100669,2019년 6월 7일 23시,금요일,전라북도 남원시 도통동,중상사고,0,1,0,0,차대사람 - 차도통행중,안전운전불이행,포장 - 건조,맑음,단일로 - 기타,승용,남,63세,상해없음,보행자,여,52세,중상
2152,2019060800100090,2019년 6월 8일 05시,토요일,전라북도 남원시 내척동,중상사고,0,1,0,0,차대사람 - 차도통행중,안전운전불이행,포장 - 젖음/습기,비,단일로 - 기타,승용,남,32세,상해없음,보행자,여,76세,중상
2153,2019060800100368,2019년 6월 8일 14시,토요일,전라북도 전주시 완산구 경원동1가,경상사고,0,0,1,0,차대사람 - 기타,안전운전불이행,포장 - 건조,맑음,단일로 - 기타,화물,남,32세,상해없음,보행자,여,83세,경상
2154,2019060800100370,2019년 6월 8일 14시,토요일,전라북도 완주군 상관면,중상사고,0,1,0,0,차대사람 - 기타,안전운전불이행,포장 - 건조,맑음,단일로 - 기타,화물,남,36세,상해없음,보행자,여,7세,중상
2155,2019060900100041,2019년 6월 9일 01시,일요일,전라북도 전주시 완산구 고사동,경상사고,0,0,1,0,차대사람 - 기타,안전운전불이행,포장 - 건조,맑음,단일로 - 기타,승용,남,29세,상해없음,보행자,남,29세,경상
2156,2019060900100109,2019년 6월 9일 07시,일요일,전라북도 전주시 완산구 경원동1가,중상사고,0,1,0,0,차대사람 - 기타,안전운전불이행,포장 - 건조,맑음,교차로 - 교차로부근,승용,여,58세,상해없음,보행자,남,88세,중상
2157,2019060900100343,2019년 6월 9일 17시,일요일,전라북도 부안군 부안읍,경상사고,0,0,1,0,차대사람 - 횡단중,안전운전불이행,포장 - 건조,맑음,교차로 - 교차로안,승용,남,40세,상해없음,보행자,남,75세,경상
2158,2019061000100148,2019년 6월 10일 08시,월요일,전라북도 무주군 무주읍,중상사고,0,1,0,0,차대사람 - 횡단중,안전운전불이행,포장 - 건조,맑음,단일로 - 지하차도(도로)내,화물,여,57세,상해없음,보행자,남,7세,중상
2159,2019061000100399,2019년 6월 10일 15시,월요일,전라북도 부안군 부안읍,경상사고,0,0,1,0,차대사람 - 길가장자리구역통행중,안전운전불이행,포장 - 건조,맑음,단일로 - 기타,승용,남,64세,상해없음,보행자,여,42세,경상
2160,2019061000100437,2019년 6월 10일 16시,월요일,전라북도 전주시 덕진구 중동,경상사고,0,0,1,0,차대사람 - 횡단중,보행자보호의무위반,포장 - 건조,맑음,교차로 - 교차로횡단보도내,승합,남,72세,상해없음,보행자,여,44세,경상
2161,2019061000100521,2019년 6월 10일 18시,월요일,전라북도 부안군 부안읍,중상사고,0,1,0,0,차대사람 - 횡단중,보행자보호의무위반,포장 - 건조,맑음,단일로 - 기타,승용,남,63세,상해없음,보행자,여,10세,중상
2162,2019061000100589,2019년 6월 10일 20시,월요일,전라북도 익산시 영등동,경상사고,0,0,1,0,차대사람 - 기타,안전운전불이행,포장 - 건조,맑음,단일로 - 기타,승용,남,24세,상해없음,보행자,남,21세,경상
2163,2019061000100590,2019년 6월 10일 20시,월요일,전라북도 익산시 영등동,중상사고,0,2,0,0,차대사람 - 보도통행중,보행자보호의무위반,포장 - 건조,맑음,교차로 - 교차로횡단보도내,승용,남,33세,상해없음,보행자,남,29세,중상
2164,2019061000100639,2019년 6월 10일 22시,월요일,전라북도 전주시 완산구 중화산동1가,경상사고,0,0,1,0,차대사람 - 횡단중,보행자보호의무위반,포장 - 건조,맑음,단일로 - 기타,승용,여,57세,상해없음,보행자,여,54세,경상
2165,2019061100100064,2019년 6월 11일 04시,화요일,전라북도 전주시 완산구 삼천동1가,중상사고,0,1,0,0,차대사람 - 횡단중,보행자보호의무위반,포장 - 젖음/습기,비,교차로 - 교차로안,승용,남,43세,상해없음,보행자,남,78세,중상
2166,2019061100100151,2019년 6월 11일 08시,화요일,전라북도 전주시 덕진구 덕진동1가,중상사고,0,1,0,0,차대사람 - 횡단중,보행자보호의무위반,포장 - 젖음/습기,비,교차로 - 교차로횡단보도내,승용,여,33세,상해없음,보행자,여,27세,중상
2167,2019061100100152,2019년 6월 11일 08시,화요일,전라북도 전주시 덕진구 덕진동2가,경상사고,0,0,1,0,차대사람 - 횡단중,안전운전불이행,포장 - 젖음/습기,비,교차로 - 교차로안,승용,여,52세,상해없음,보행자,여,14세,경상
2168,2019061100100154,2019년 6월 11일 08시,화요일,전라북도 군산시 미원동,중상사고,0,1,1,0,차대사람 - 횡단중,보행자보호의무위반,포장 - 건조,맑음,교차로 - 교차로횡단보도내,승용,남,24세,상해없음,보행자,여,54세,중상
2169,2019061100100284,2019년 6월 11일 12시,화요일,전라북도 군산시 산북동,경상사고,0,0,1,0,차대사람 - 길가장자리구역통행중,안전운전불이행,포장 - 건조,맑음,단일로 - 지하차도(도로)내,승용,여,35세,상해없음,보행자,여,83세,경상
2170,2019061100100285,2019년 6월 11일 12시,화요일,전라북도 고창군 고창읍,경상사고,0,0,1,0,차대사람 - 횡단중,보행자보호의무위반,포장 - 건조,맑음,교차로 - 교차로횡단보도내,승용,여,66세,상해없음,보행자,여,50세,경상
2171,2019061100100424,2019년 6월 11일 16시,화요일,전라북도 전주시 덕진구 송천동1가,경상사고,0,0,1,0,차대사람 - 횡단중,보행자보호의무위반,포장 - 건조,맑음,교차로 - 교차로횡단보도내,승용,남,56세,상해없음,보행자,여,60세,경상
2172,2019061100100496,2019년 6월 11일 18시,화요일,전라북도 익산시 인화동1가,중상사고,0,1,0,0,차대사람 - 횡단중,보행자보호의무위반,포장 - 건조,맑음,교차로 - 교차로횡단보도내,화물,남,30세,상해없음,보행자,여,60세,중상
2173,2019061200100167,2019년 6월 12일 09시,수요일,전라북도 정읍시 수성동,중상사고,0,1,0,0,차대사람 - 횡단중,보행자보호의무위반,포장 - 건조,맑음,교차로 - 교차로횡단보도내,승용,남,68세,상해없음,보행자,여,80세,중상
2174,2019061200100357,2019년 6월 12일 15시,수요일,전라북도 고창군 무장면,경상사고,0,0,1,0,차대사람 - 차도통행중,안전운전불이행,포장 - 건조,맑음,단일로 - 기타,화물,남,47세,상해없음,보행자,여,8세,경상
2175,2019061200100392,2019년 6월 12일 16시,수요일,전라북도 전주시 덕진구 인후동1가,경상사고,0,0,1,0,차대사람 - 횡단중,안전운전불이행,포장 - 건조,맑음,교차로 - 교차로안,승용,여,43세,상해없음,보행자,여,84세,경상
2176,2019061200100422,2019년 6월 12일 17시,수요일,전라북도 전주시 덕진구 금암동,중상사고,0,1,0,0,차대사람 - 기타,안전운전불이행,포장 - 건조,맑음,단일로 - 기타,승용,남,68세,상해없음,보행자,여,71세,중상
2177,2019061200100543,2019년 6월 12일 20시,수요일,전라북도 완주군 삼례읍,경상사고,0,0,1,0,차대사람 - 기타,안전운전불이행,포장 - 건조,맑음,기타 - 기타,승용,여,25세,상해없음,보행자,남,64세,경상
2178,2019061200100544,2019년 6월 12일 20시,수요일,전라북도 완주군 봉동읍,경상사고,0,0,1,0,차대사람 - 길가장자리구역통행중,안전운전불이행,포장 - 건조,맑음,기타 - 기타,승용,남,31세,상해없음,보행자,남,55세,경상
2179,2019061200100630,2019년 6월 12일 23시,수요일,전라북도 부안군 부안읍,중상사고,0,1,0,0,차대사람 - 기타,안전운전불이행,포장 - 건조,맑음,기타 - 기타,승용,남,55세,상해없음,보행자,남,40세,중상
2180,2019061300100556,2019년 6월 13일 20시,목요일,전라북도 전주시 덕진구 금암동,중상사고,0,1,0,0,차대사람 - 횡단중,안전운전불이행,포장 - 건조,맑음,단일로 - 기타,이륜,남,59세,상해없음,보행자,남,74세,중상
2181,2019061400100234,2019년 6월 14일 11시,금요일,전라북도 군산시 중앙로2가,중상사고,0,1,0,0,차대사람 - 기타,안전운전불이행,포장 - 건조,맑음,단일로 - 기타,승용,남,83세,상해없음,보행자,여,67세,중상
2182,2019061400100273,2019년 6월 14일 12시,금요일,전라북도 순창군 복흥면,중상사고,0,1,0,0,차대사람 - 횡단중,안전운전불이행,포장 - 건조,맑음,교차로 - 교차로안,화물,남,54세,상해없음,보행자,남,77세,중상
2183,2019061400100382,2019년 6월 14일 15시,금요일,전라북도 정읍시 수성동,중상사고,0,1,0,0,차대사람 - 횡단중,기타,포장 - 건조,맑음,단일로 - 기타,화물,남,45세,상해없음,보행자,남,8세,중상
2184,2019061400100421,2019년 6월 14일 16시,금요일,전라북도 전주시 완산구 중화산동2가,경상사고,0,0,1,0,차대사람 - 차도통행중,안전운전불이행,포장 - 건조,맑음,단일로 - 기타,승용,여,22세,상해없음,보행자,남,25세,경상
2185,2019061400100422,2019년 6월 14일 16시,금요일,전라북도 익산시 동산동,중상사고,0,1,0,0,차대사람 - 횡단중,안전운전불이행,포장 - 건조,맑음,교차로 - 교차로안,승용,남,58세,상해없음,보행자,여,86세,중상
2186,2019061400100532,2019년 6월 14일 18시,금요일,전라북도 전주시 덕진구 인후동2가,경상사고,0,0,1,0,차대사람 - 차도통행중,안전운전불이행,포장 - 건조,맑음,단일로 - 기타,승용,남,83세,상해없음,보행자,여,48세,경상
2187,2019061400100646,2019년 6월 14일 21시,금요일,전라북도 군산시 나운동,경상사고,0,0,1,0,차대사람 - 기타,안전운전불이행,포장 - 건조,맑음,단일로 - 기타,승용,남,63세,상해없음,보행자,남,49세,경상
2188,2019061400100647,2019년 6월 14일 21시,금요일,전라북도 익산시 왕궁면,경상사고,0,0,1,0,차대사람 - 기타,안전운전불이행,포장 - 건조,맑음,단일로 - 기타,승용,남,50세,상해없음,보행자,남,41세,경상
2189,2019061400100677,2019년 6월 14일 22시,금요일,전라북도 익산시 신동,중상사고,0,1,0,0,차대사람 - 횡단중,보행자보호의무위반,포장 - 건조,맑음,교차로 - 교차로횡단보도내,승용,여,54세,상해없음,보행자,남,61세,중상
2190,2019061500100251,2019년 6월 15일 11시,토요일,전라북도 군산시 미원동,중상사고,0,1,0,0,차대사람 - 횡단중,보행자보호의무위반,포장 - 건조,맑음,교차로 - 교차로횡단보도내,화물,남,57세,기타불명,보행자,여,36세,중상
2191,2019061500100435,2019년 6월 15일 15시,토요일,전라북도 전주시 완산구 전동,경상사고,0,0,1,0,차대사람 - 보도통행중,보행자보호의무위반,포장 - 건조,맑음,교차로 - 교차로횡단보도내,화물,남,50세,상해없음,보행자,남,73세,경상
2192,2019061500100608,2019년 6월 15일 19시,토요일,전라북도 군산시 비응도동,중상사고,0,1,0,0,차대사람 - 보도통행중,보행자보호의무위반,포장 - 건조,맑음,교차로 - 교차로안,승용,남,59세,상해없음,보행자,남,10세,중상
2193,2019061600100052,2019년 6월 16일 01시,일요일,전라북도 전주시 완산구 효자동3가,경상사고,0,0,1,0,차대사람 - 기타,안전운전불이행,포장 - 건조,맑음,단일로 - 기타,승용,남,15세,상해없음,보행자,여,28세,경상
2194,2019061600100352,2019년 6월 16일 16시,일요일,전라북도 완주군 봉동읍,경상사고,0,0,1,0,차대사람 - 기타,안전운전불이행,포장 - 건조,맑음,기타 - 기타,승용,남,31세,상해없음,보행자,남,7세,경상
2195,2019061700100043,2019년 6월 17일 04시,월요일,전라북도 고창군 해리면,사망사고,1,0,0,0,차대사람 - 횡단중,과속,포장 - 건조,맑음,교차로 - 교차로부근,승용,여,52세,상해없음,보행자,남,81세,사망
2196,2019061700100087,2019년 6월 17일 07시,월요일,전라북도 전주시 덕진구 반월동,중상사고,0,1,0,0,차대사람 - 차도통행중,안전운전불이행,포장 - 건조,맑음,단일로 - 기타,승용,여,50세,상해없음,보행자,남,17세,중상
2197,2019061700100542,2019년 6월 17일 18시,월요일,전라북도 전주시 덕진구 금암동,경상사고,0,0,1,0,차대사람 - 횡단중,안전운전불이행,포장 - 건조,맑음,교차로 - 교차로안,이륜,남,19세,상해없음,보행자,여,69세,경상
2198,2019061800100075,2019년 6월 18일 05시,화요일,전라북도 군산시 수송동,경상사고,0,0,1,0,차대사람 - 기타,신호위반,포장 - 건조,맑음,교차로 - 교차로횡단보도내,승용,여,59세,상해없음,보행자,남,47세,경상
2199,2019061800100122,2019년 6월 18일 07시,화요일,전라북도 김제시 백구면,경상사고,0,0,1,0,차대사람 - 차도통행중,신호위반,포장 - 건조,맑음,교차로 - 교차로안,승용,여,51세,상해없음,보행자,남,16세,경상
2200,2019061800100162,2019년 6월 18일 08시,화요일,전라북도 전주시 덕진구 장동,경상사고,0,0,1,0,차대사람 - 횡단중,보행자보호의무위반,포장 - 건조,흐림,교차로 - 교차로횡단보도내,승용,여,45세,상해없음,보행자,여,7세,경상
2201,2019061800100164,2019년 6월 18일 08시,화요일,전라북도 정읍시 연지동,경상사고,0,0,1,0,차대사람 - 차도통행중,안전운전불이행,포장 - 건조,맑음,단일로 - 기타,승용,남,78세,상해없음,보행자,여,50세,경상
2202,2019061800100197,2019년 6월 18일 09시,화요일,전라북도 익산시 동산동,경상사고,0,0,1,0,차대사람 - 차도통행중,중앙선침범,포장 - 건조,맑음,단일로 - 기타,승용,여,27세,상해없음,보행자,남,1세,경상
2203,2019061800100289,2019년 6월 18일 12시,화요일,전라북도 전주시 덕진구 덕진동1가,중상사고,0,1,0,0,차대사람 - 차도통행중,안전운전불이행,포장 - 건조,맑음,단일로 - 기타,승용,여,30세,상해없음,보행자,남,23세,중상
2204,2019061800100479,2019년 6월 18일 18시,화요일,전라북도 장수군 장수읍,경상사고,0,0,1,0,차대사람 - 차도통행중,안전운전불이행,포장 - 건조,맑음,단일로 - 기타,승용,남,64세,상해없음,보행자,여,51세,경상
2205,2019061800100577,2019년 6월 18일 20시,화요일,전라북도 전주시 완산구 서노송동,중상사고,0,1,0,0,차대사람 - 차도통행중,안전운전불이행,포장 - 건조,맑음,단일로 - 기타,승용,남,54세,상해없음,보행자,여,55세,중상
2206,2019061800100605,2019년 6월 18일 21시,화요일,전라북도 전주시 덕진구 진북동,사망사고,1,0,0,0,차대사람 - 횡단중,보행자보호의무위반,포장 - 건조,맑음,교차로 - 교차로횡단보도내,승용,남,28세,상해없음,보행자,여,56세,사망
2207,2019061900100082,2019년 6월 19일 05시,수요일,전라북도 전주시 완산구 경원동3가,경상사고,0,0,1,0,차대사람 - 기타,안전운전불이행,포장 - 건조,맑음,단일로 - 기타,화물,남,63세,상해없음,보행자,여,75세,경상
2208,2019061900100570,2019년 6월 19일 20시,수요일,전라북도 군산시 수송동,경상사고,0,0,1,0,차대사람 - 횡단중,안전운전불이행,포장 - 건조,맑음,단일로 - 기타,승용,남,58세,상해없음,보행자,여,24세,경상
2209,2019062000100192,2019년 6월 20일 09시,목요일,전라북도 전주시 완산구 평화동2가,중상사고,0,1,0,0,차대사람 - 횡단중,보행자보호의무위반,포장 - 건조,맑음,교차로 - 교차로횡단보도내,승합,남,41세,상해없음,보행자,여,61세,중상
2210,2019062000100193,2019년 6월 20일 09시,목요일,전라북도 전주시 덕진구 반월동,중상사고,0,1,0,0,차대사람 - 횡단중,과속,포장 - 건조,맑음,단일로 - 기타,승합,남,58세,상해없음,보행자,여,87세,중상
2211,2019062000100314,2019년 6월 20일 13시,목요일,전라북도 전주시 완산구 평화동2가,경상사고,0,0,1,0,차대사람 - 기타,안전운전불이행,포장 - 건조,맑음,교차로 - 교차로부근,승용,남,49세,상해없음,보행자,남,67세,경상
2212,2019062000100379,2019년 6월 20일 15시,목요일,전라북도 전주시 덕진구 우아동1가,경상사고,0,0,1,0,차대사람 - 횡단중,보행자보호의무위반,포장 - 건조,맑음,교차로 - 교차로안,승용,여,29세,상해없음,보행자,여,7세,경상