,사고번호,사고일시,요일,시군구,사고내용,사망자수,중상자수,경상자수,부상신고자수,사고유형,법규위반,노면상태,기상상태,도로형태,가해운전자 차종,가해운전자 성별,가해운전자 연령,가해운전자 상해정도,피해운전자 차종,피해운전자 성별,피해운전자 연령,피해운전자 상해정도
2433,2019081600100398,2019년 8월 16일 15시,금요일,전라북도 무주군 안성면,경상사고,0,0,1,0,차대사람 - 기타,안전운전불이행,포장 - 건조,맑음,단일로 - 기타,승용,여,61세,상해없음,보행자,여,9세,경상
2434,2019081600100437,2019년 8월 16일 16시,금요일,전라북도 부안군 변산면,중상사고,0,1,2,0,차대사람 - 기타,안전운전불이행,포장 - 건조,맑음,단일로 - 기타,승용,남,74세,상해없음,보행자,여,43세,중상
2435,2019081700100078,2019년 8월 17일 04시,토요일,전라북도 익산시 영등동,경상사고,0,0,1,0,차대사람 - 횡단중,안전운전불이행,포장 - 건조,맑음,교차로 - 교차로안,승용,남,81세,상해없음,보행자,남,39세,경상
2436,2019081700100172,2019년 8월 17일 10시,토요일,전라북도 익산시 팔봉동,경상사고,0,0,1,0,차대사람 - 횡단중,신호위반,포장 - 건조,맑음,교차로 - 교차로횡단보도내,승용,여,54세,상해없음,보행자,여,55세,경상
2437,2019081700100234,2019년 8월 17일 12시,토요일,전라북도 전주시 완산구 효자동3가,중상사고,0,1,0,0,차대사람 - 기타,안전운전불이행,포장 - 건조,맑음,주차장 - 주차장,승용,남,35세,상해없음,보행자,남,22세,중상
2438,2019081700100284,2019년 8월 17일 13시,토요일,전라북도 전주시 완산구 효자동2가,경상사고,0,0,1,0,차대사람 - 기타,안전운전불이행,포장 - 건조,맑음,교차로 - 교차로부근,승용,남,64세,상해없음,보행자,여,21세,경상
2439,2019081700100597,2019년 8월 17일 21시,토요일,전라북도 전주시 완산구 중노송동,경상사고,0,0,1,0,차대사람 - 기타,안전운전불이행,포장 - 젖음/습기,흐림,단일로 - 기타,승용,여,37세,상해없음,보행자,남,56세,경상
2440,2019081800100043,2019년 8월 18일 01시,일요일,전라북도 전주시 완산구 효자동2가,경상사고,0,0,1,0,차대사람 - 차도통행중,안전운전불이행,포장 - 젖음/습기,흐림,교차로 - 교차로부근,승용,남,28세,상해없음,보행자,남,53세,경상
2441,2019081800100295,2019년 8월 18일 16시,일요일,전라북도 순창군 동계면,중상사고,0,1,0,0,차대사람 - 횡단중,안전운전불이행,포장 - 건조,맑음,단일로 - 기타,화물,남,64세,상해없음,보행자,여,71세,중상
2442,2019081800100387,2019년 8월 18일 19시,일요일,전라북도 완주군 봉동읍,중상사고,0,1,0,0,차대사람 - 기타,안전운전불이행,포장 - 건조,맑음,기타 - 기타,승용,여,68세,상해없음,보행자,남,71세,중상
2443,2019081800100461,2019년 8월 18일 22시,일요일,전라북도 정읍시 신태인읍,중상사고,0,1,0,0,차대사람 - 기타,안전운전불이행,포장 - 건조,맑음,교차로 - 교차로안,승용,남,58세,상해없음,보행자,남,43세,중상
2444,2019081900100165,2019년 8월 19일 09시,월요일,전라북도 군산시 문화동,중상사고,0,1,0,0,차대사람 - 횡단중,보행자보호의무위반,포장 - 건조,맑음,교차로 - 교차로횡단보도내,승용,여,66세,상해없음,보행자,여,77세,중상
2445,2019081900100399,2019년 8월 19일 16시,월요일,전라북도 전주시 완산구 삼천동2가,경상사고,0,0,1,0,차대사람 - 기타,안전운전불이행,포장 - 건조,맑음,교차로 - 교차로안,화물,남,59세,상해없음,보행자,여,80세,경상
2446,2019081900100434,2019년 8월 19일 17시,월요일,전라북도 완주군 소양면,중상사고,0,1,0,0,차대사람 - 횡단중,안전운전불이행,포장 - 건조,맑음,단일로 - 기타,승용,여,52세,상해없음,보행자,여,7세,중상
2447,2019081900100550,2019년 8월 19일 20시,월요일,전라북도 정읍시 상동,경상사고,0,0,1,0,차대사람 - 기타,안전운전불이행,포장 - 건조,맑음,교차로 - 교차로안,승용,남,53세,상해없음,보행자,여,51세,경상
2448,2019081900100576,2019년 8월 19일 21시,월요일,전라북도 정읍시 상동,경상사고,0,0,1,0,차대사람 - 횡단중,안전운전불이행,포장 - 건조,맑음,단일로 - 기타,승용,남,44세,상해없음,보행자,남,53세,경상
2449,2019082000100030,2019년 8월 20일 00시,화요일,전라북도 전주시 덕진구 우아동2가,중상사고,0,1,0,0,차대사람 - 횡단중,안전운전불이행,포장 - 건조,맑음,단일로 - 기타,승용,여,28세,상해없음,보행자,남,32세,중상
2450,2019082000100095,2019년 8월 20일 07시,화요일,전라북도 군산시 월명동,중상사고,0,1,0,0,차대사람 - 차도통행중,안전운전불이행,포장 - 건조,맑음,단일로 - 지하차도(도로)내,승용,여,48세,상해없음,보행자,여,78세,중상
2451,2019082000100273,2019년 8월 20일 12시,화요일,전라북도 익산시 평화동,중상사고,0,1,0,0,차대사람 - 횡단중,안전운전불이행,포장 - 건조,맑음,단일로 - 기타,승용,남,41세,상해없음,보행자,여,21세,중상
2452,2019082000100274,2019년 8월 20일 12시,화요일,전라북도 김제시 요촌동,경상사고,0,0,1,0,차대사람 - 횡단중,보행자보호의무위반,포장 - 건조,맑음,단일로 - 기타,승용,남,37세,상해없음,보행자,여,72세,경상
2453,2019082100100264,2019년 8월 21일 12시,수요일,전라북도 익산시 영등동,경상사고,0,0,1,0,차대사람 - 보도통행중,기타,포장 - 건조,맑음,단일로 - 기타,승용,여,50세,상해없음,보행자,여,19세,경상
2454,2019082100100409,2019년 8월 21일 16시,수요일,전라북도 익산시 마동,경상사고,0,0,1,0,차대사람 - 횡단중,신호위반,포장 - 건조,맑음,교차로 - 교차로횡단보도내,승용,남,57세,상해없음,보행자,여,74세,경상
2455,2019082100100509,2019년 8월 21일 18시,수요일,전라북도 군산시 옥도면,부상신고사고,0,0,0,1,차대사람 - 횡단중,안전운전불이행,포장 - 건조,맑음,단일로 - 기타,승용,여,58세,상해없음,보행자,여,49세,부상신고
2456,2019082100100510,2019년 8월 21일 18시,수요일,전라북도 부안군 부안읍,경상사고,0,0,1,0,차대사람 - 횡단중,안전운전불이행,포장 - 젖음/습기,비,교차로 - 교차로안,화물,남,68세,상해없음,보행자,여,7세,경상
2457,2019082100100557,2019년 8월 21일 19시,수요일,전라북도 김제시 요촌동,경상사고,0,0,1,0,차대사람 - 횡단중,보행자보호의무위반,포장 - 젖음/습기,비,교차로 - 교차로횡단보도내,승용,남,43세,상해없음,보행자,남,53세,경상
2458,2019082100100608,2019년 8월 21일 20시,수요일,전라북도 군산시 경장동,중상사고,0,1,0,0,차대사람 - 횡단중,보행자보호의무위반,포장 - 건조,맑음,교차로 - 교차로안,승용,남,29세,상해없음,보행자,남,57세,중상
2459,2019082200100065,2019년 8월 22일 02시,목요일,전라북도 전주시 완산구 중화산동2가,중상사고,0,1,0,0,차대사람 - 기타,안전운전불이행,포장 - 젖음/습기,비,교차로 - 교차로안,승용,남,55세,상해없음,보행자,남,57세,중상
2460,2019082200100156,2019년 8월 22일 08시,목요일,전라북도 전주시 덕진구 덕진동2가,경상사고,0,0,1,0,차대사람 - 기타,안전운전불이행,포장 - 건조,맑음,단일로 - 기타,승용,여,45세,상해없음,보행자,여,23세,경상
2461,2019082200100227,2019년 8월 22일 10시,목요일,전라북도 전주시 덕진구 동산동,경상사고,0,0,1,0,차대사람 - 기타,안전운전불이행,포장 - 건조,맑음,단일로 - 기타,승용,남,78세,상해없음,보행자,여,40세,경상
2462,2019082200100296,2019년 8월 22일 12시,목요일,전라북도 전주시 완산구 다가동3가,중상사고,0,1,0,0,차대사람 - 횡단중,보행자보호의무위반,포장 - 건조,맑음,단일로 - 기타,승용,남,25세,상해없음,보행자,여,74세,중상
2463,2019082200100363,2019년 8월 22일 14시,목요일,전라북도 전주시 덕진구 인후동2가,중상사고,0,1,0,0,차대사람 - 횡단중,안전운전불이행,포장 - 건조,맑음,단일로 - 기타,화물,남,56세,상해없음,보행자,여,72세,중상
2464,2019082200100573,2019년 8월 22일 19시,목요일,전라북도 무주군 설천면,중상사고,0,1,0,0,차대사람 - 차도통행중,안전운전불이행,포장 - 건조,맑음,단일로 - 지하차도(도로)내,승용,남,49세,상해없음,보행자,남,66세,중상
2465,2019082300100085,2019년 8월 23일 05시,금요일,전라북도 전주시 덕진구 금암동,경상사고,0,0,1,0,차대사람 - 기타,안전운전불이행,포장 - 건조,맑음,단일로 - 기타,승용,남,32세,상해없음,보행자,남,21세,경상
2466,2019082300100385,2019년 8월 23일 15시,금요일,전라북도 남원시 하정동,중상사고,0,1,0,0,차대사람 - 기타,안전운전불이행,포장 - 건조,맑음,단일로 - 기타,승용,남,56세,상해없음,보행자,여,73세,중상
2467,2019082400100053,2019년 8월 24일 01시,토요일,전라북도 익산시 모현동1가,중상사고,0,1,0,0,차대사람 - 횡단중,안전운전불이행,포장 - 건조,맑음,단일로 - 기타,화물,남,28세,상해없음,보행자,남,41세,중상
2468,2019082400100113,2019년 8월 24일 05시,토요일,전라북도 전주시 덕진구 반월동,중상사고,0,1,0,0,차대사람 - 횡단중,안전운전불이행,포장 - 건조,맑음,단일로 - 기타,화물,남,70세,상해없음,보행자,남,23세,중상
2469,2019082400100208,2019년 8월 24일 10시,토요일,전라북도 익산시 황등면,경상사고,0,0,1,0,차대사람 - 횡단중,안전운전불이행,포장 - 건조,맑음,단일로 - 기타,승용,남,67세,상해없음,보행자,여,71세,경상
2470,2019082400100288,2019년 8월 24일 12시,토요일,전라북도 전주시 완산구 효자동1가,중상사고,0,1,0,0,차대사람 - 차도통행중,안전운전불이행,포장 - 건조,맑음,기타 - 기타,승용,여,50세,상해없음,보행자,남,78세,중상
2471,2019082600100240,2019년 8월 26일 10시,월요일,전라북도 익산시 마동,중상사고,0,1,0,0,차대사람 - 횡단중,안전운전불이행,포장 - 건조,맑음,단일로 - 기타,승용,남,50세,기타불명,보행자,여,77세,중상
2472,2019082600100278,2019년 8월 26일 11시,월요일,전라북도 익산시 모현동1가,중상사고,0,1,0,0,차대사람 - 횡단중,안전운전불이행,포장 - 건조,맑음,단일로 - 기타,승합,남,73세,상해없음,보행자,여,72세,중상
2473,2019082700100127,2019년 8월 27일 07시,화요일,전라북도 무주군 안성면,중상사고,0,1,0,0,차대사람 - 기타,안전운전불이행,포장 - 건조,흐림,단일로 - 지하차도(도로)내,승용,여,63세,상해없음,보행자,여,86세,중상
2474,2019082700100160,2019년 8월 27일 08시,화요일,전라북도 군산시 산북동,경상사고,0,0,1,0,차대사람 - 횡단중,안전운전불이행,포장 - 젖음/습기,비,교차로 - 교차로부근,승용,남,60세,상해없음,보행자,여,22세,경상
2475,2019082700100318,2019년 8월 27일 13시,화요일,전라북도 익산시 남중동,경상사고,0,0,1,0,차대사람 - 기타,안전운전불이행,포장 - 건조,맑음,교차로 - 교차로안,승용,여,67세,상해없음,보행자,남,35세,경상
2476,2019082700100646,2019년 8월 27일 22시,화요일,전라북도 남원시 향교동,경상사고,0,0,1,0,차대사람 - 횡단중,보행자보호의무위반,포장 - 젖음/습기,비,교차로 - 교차로안,승용,남,24세,상해없음,보행자,여,37세,경상
2477,2019082800100371,2019년 8월 28일 15시,수요일,전라북도 완주군 구이면,중상사고,0,1,0,0,차대사람 - 기타,불법유턴,포장 - 건조,맑음,기타 - 기타,승용,여,61세,상해없음,보행자,여,82세,중상
2478,2019082800100408,2019년 8월 28일 16시,수요일,전라북도 익산시 어양동,경상사고,0,0,1,0,차대사람 - 기타,안전운전불이행,포장 - 건조,맑음,기타 - 기타,기타불명,기타불명,미분류,기타불명,보행자,여,56세,경상
2479,2019082800100544,2019년 8월 28일 19시,수요일,전라북도 군산시 수송동,경상사고,0,0,1,0,차대사람 - 횡단중,안전운전불이행,포장 - 건조,맑음,교차로 - 교차로안,승용,여,64세,상해없음,보행자,여,48세,경상
2480,2019082800100578,2019년 8월 28일 20시,수요일,전라북도 남원시 산동면,중상사고,0,1,0,0,차대사람 - 횡단중,안전운전불이행,포장 - 건조,맑음,교차로 - 교차로안,승용,남,60세,상해없음,보행자,여,73세,중상
2481,2019082900100210,2019년 8월 29일 11시,목요일,전라북도 부안군 부안읍,중상사고,0,1,0,0,차대사람 - 길가장자리구역통행중,안전운전불이행,포장 - 건조,맑음,교차로 - 교차로부근,승용,남,70세,상해없음,보행자,여,65세,중상
2482,2019082900100334,2019년 8월 29일 15시,목요일,전라북도 익산시 모현동2가,사망사고,1,0,0,0,차대사람 - 횡단중,보행자보호의무위반,포장 - 건조,맑음,교차로 - 교차로횡단보도내,화물,남,27세,상해없음,보행자,남,75세,사망
2483,2019082900100533,2019년 8월 29일 19시,목요일,전라북도 정읍시 정우면,중상사고,0,1,0,0,차대사람 - 길가장자리구역통행중,안전운전불이행,포장 - 건조,맑음,단일로 - 기타,화물,남,72세,상해없음,보행자,여,73세,중상
2484,2019083000100071,2019년 8월 30일 05시,금요일,전라북도 전주시 완산구 중화산동1가,경상사고,0,0,1,0,차대사람 - 횡단중,신호위반,포장 - 건조,맑음,기타 - 기타,이륜,여,53세,상해없음,보행자,여,53세,경상
2485,2019083000100225,2019년 8월 30일 10시,금요일,전라북도 완주군 봉동읍,경상사고,0,0,1,0,차대사람 - 횡단중,보행자보호의무위반,포장 - 건조,맑음,교차로 - 교차로횡단보도내,승용,남,58세,상해없음,보행자,여,74세,경상
2486,2019083000100332,2019년 8월 30일 13시,금요일,전라북도 전주시 완산구 효자동2가,중상사고,0,1,0,0,차대사람 - 횡단중,보행자보호의무위반,포장 - 건조,맑음,단일로 - 기타,승용,여,53세,상해없음,보행자,여,6세,중상
2487,2019083000100381,2019년 8월 30일 14시,금요일,전라북도 김제시 만경읍,중상사고,0,1,0,0,차대사람 - 횡단중,안전운전불이행,포장 - 건조,맑음,교차로 - 교차로부근,승용,여,60세,상해없음,보행자,여,83세,중상
2488,2019083000100431,2019년 8월 30일 15시,금요일,전라북도 김제시 검산동,중상사고,0,1,0,0,차대사람 - 횡단중,신호위반,포장 - 건조,맑음,교차로 - 교차로부근,승용,남,64세,상해없음,보행자,여,45세,중상
2489,2019083000100536,2019년 8월 30일 17시,금요일,전라북도 전주시 완산구 서신동,경상사고,0,0,1,0,차대사람 - 기타,불법유턴,포장 - 건조,맑음,단일로 - 기타,승용,남,63세,상해없음,보행자,여,37세,경상
2490,2019083000100537,2019년 8월 30일 17시,금요일,전라북도 군산시 대야면,중상사고,0,1,0,0,차대사람 - 횡단중,안전운전불이행,포장 - 건조,맑음,단일로 - 지하차도(도로)내,승용,남,29세,상해없음,보행자,남,53세,중상
2491,2019083000100592,2019년 8월 30일 18시,금요일,전라북도 부안군 부안읍,중상사고,0,1,0,0,차대사람 - 기타,안전운전불이행,포장 - 건조,맑음,주차장 - 주차장,건설기계,남,30세,상해없음,보행자,남,41세,중상
2492,2019083000100593,2019년 8월 30일 18시,금요일,전라북도 부안군 부안읍,경상사고,0,0,1,0,차대사람 - 기타,불법유턴,포장 - 건조,맑음,기타 - 기타,화물,남,31세,상해없음,보행자,남,70세,경상
2493,2019083000100813,2019년 8월 30일 23시,금요일,전라북도 군산시 옥서면,중상사고,0,1,1,0,차대사람 - 차도통행중,안전운전불이행,포장 - 건조,맑음,단일로 - 기타,승용,남,52세,상해없음,보행자,남,31세,중상
2494,2019083100100189,2019년 8월 31일 08시,토요일,전라북도 전주시 완산구 경원동1가,경상사고,0,0,1,0,차대사람 - 횡단중,보행자보호의무위반,포장 - 건조,맑음,단일로 - 지하차도(도로)내,승용,남,69세,상해없음,보행자,남,51세,경상
2495,2019083100100429,2019년 8월 31일 14시,토요일,전라북도 익산시 영등동,중상사고,0,1,0,0,차대사람 - 횡단중,안전운전불이행,포장 - 건조,맑음,단일로 - 기타,승용,남,46세,상해없음,보행자,여,69세,중상
2496,2019083100100708,2019년 8월 31일 21시,토요일,전라북도 전주시 덕진구 동산동,경상사고,0,0,2,0,차대사람 - 길가장자리구역통행중,안전운전불이행,포장 - 건조,맑음,교차로 - 교차로안,승용,여,55세,상해없음,보행자,남,52세,경상
2497,2019083100100709,2019년 8월 31일 21시,토요일,전라북도 무주군 무주읍,경상사고,0,0,1,0,차대사람 - 차도통행중,안전운전불이행,포장 - 건조,맑음,단일로 - 기타,승용,남,60세,상해없음,보행자,남,31세,경상
2498,2019090100100083,2019년 9월 1일 04시,일요일,전라북도 남원시 도통동,경상사고,0,0,1,0,차대사람 - 기타,안전운전불이행,포장 - 젖음/습기,비,교차로 - 교차로부근,승용,남,52세,상해없음,보행자,남,18세,경상
2499,2019090100100115,2019년 9월 1일 08시,일요일,전라북도 전주시 덕진구 송천동1가,중상사고,0,1,0,0,차대사람 - 기타,안전운전불이행,포장 - 건조,맑음,기타 - 기타,화물,남,60세,상해없음,보행자,남,74세,중상
2500,2019090100100198,2019년 9월 1일 12시,일요일,전라북도 군산시 미룡동,경상사고,0,0,1,0,차대사람 - 기타,안전운전불이행,포장 - 건조,맑음,단일로 - 기타,승용,남,22세,상해없음,보행자,여,62세,경상
2501,2019090100100424,2019년 9월 1일 19시,일요일,전라북도 정읍시 입암면,중상사고,0,1,0,0,차대사람 - 기타,안전운전불이행,포장 - 건조,맑음,단일로 - 기타,승용,남,70세,상해없음,보행자,남,45세,중상
2502,2019090200100194,2019년 9월 2일 09시,월요일,전라북도 전주시 덕진구 덕진동1가,경상사고,0,0,1,0,차대사람 - 기타,안전운전불이행,포장 - 건조,맑음,단일로 - 기타,승용,여,51세,상해없음,보행자,남,7세,경상
2503,2019090200100195,2019년 9월 2일 09시,월요일,전라북도 부안군 주산면,경상사고,0,0,1,0,차대사람 - 횡단중,안전운전불이행,포장 - 건조,맑음,단일로 - 기타,화물,남,73세,상해없음,보행자,남,86세,경상
2504,2019090200100267,2019년 9월 2일 11시,월요일,전라북도 익산시 용안면,중상사고,0,1,0,0,차대사람 - 횡단중,안전운전불이행,포장 - 건조,맑음,단일로 - 기타,화물,남,73세,상해없음,보행자,여,79세,중상
2505,2019090200100650,2019년 9월 2일 20시,월요일,전라북도 전주시 덕진구 인후동1가,중상사고,0,1,0,0,차대사람 - 횡단중,안전운전불이행,포장 - 젖음/습기,비,단일로 - 기타,승용,남,35세,상해없음,보행자,남,76세,중상
2506,2019090200100651,2019년 9월 2일 20시,월요일,전라북도 익산시 주현동,경상사고,0,0,1,0,차대사람 - 횡단중,안전운전불이행,포장 - 젖음/습기,비,교차로 - 교차로횡단보도내,이륜,남,26세,상해없음,보행자,여,15세,경상
2507,2019090200100681,2019년 9월 2일 21시,월요일,전라북도 전주시 완산구 삼천동1가,경상사고,0,0,1,0,차대사람 - 보도통행중,신호위반,포장 - 젖음/습기,비,교차로 - 교차로횡단보도내,기타불명,기타불명,미분류,기타불명,보행자,남,53세,경상
2508,2019090300100072,2019년 9월 3일 05시,화요일,전라북도 군산시 나운동,중상사고,0,1,0,0,차대사람 - 횡단중,안전운전불이행,포장 - 건조,맑음,단일로 - 기타,승용,남,30세,상해없음,보행자,여,77세,중상
2509,2019090300100085,2019년 9월 3일 06시,화요일,전라북도 완주군 삼례읍,중상사고,0,1,0,0,차대사람 - 횡단중,보행자보호의무위반,포장 - 건조,맑음,교차로 - 교차로횡단보도내,승용,기타불명,미분류,기타불명,보행자,여,81세,중상
2510,2019090300100479,2019년 9월 3일 17시,화요일,전라북도 정읍시 수성동,경상사고,0,0,1,0,차대사람 - 횡단중,보행자보호의무위반,포장 - 젖음/습기,흐림,교차로 - 교차로횡단보도내,승용,남,61세,상해없음,보행자,여,62세,경상
2511,2019090300100649,2019년 9월 3일 20시,화요일,전라북도 익산시 황등면,경상사고,0,0,1,0,차대사람 - 기타,안전운전불이행,포장 - 건조,맑음,단일로 - 기타,자전거,남,61세,상해없음,보행자,여,49세,경상
2512,2019090400100283,2019년 9월 4일 12시,수요일,전라북도 장수군 천천면,중상사고,0,1,0,0,차대사람 - 길가장자리구역통행중,안전운전불이행,포장 - 건조,흐림,단일로 - 기타,승용,남,30세,상해없음,보행자,여,78세,중상
2513,2019090400100306,2019년 9월 4일 13시,수요일,전라북도 전주시 덕진구 인후동2가,중상사고,0,1,0,0,차대사람 - 보도통행중,보행자보호의무위반,포장 - 건조,맑음,교차로 - 교차로횡단보도내,화물,여,52세,상해없음,보행자,여,80세,중상
2514,2019090400100359,2019년 9월 4일 15시,수요일,전라북도 익산시 황등면,경상사고,0,0,1,0,차대사람 - 횡단중,안전운전불이행,포장 - 젖음/습기,비,단일로 - 기타,승용,남,52세,상해없음,보행자,남,11세,경상
2515,2019090400100490,2019년 9월 4일 18시,수요일,전라북도 김제시 요촌동,경상사고,0,0,1,0,차대사람 - 기타,안전운전불이행,포장 - 건조,흐림,단일로 - 기타,승용,남,60세,상해없음,보행자,여,12세,경상
2516,2019090400100537,2019년 9월 4일 19시,수요일,전라북도 전주시 덕진구 송천동2가,중상사고,0,1,0,0,차대사람 - 보도통행중,안전운전불이행,포장 - 건조,맑음,기타 - 기타,자전거,남,37세,상해없음,보행자,여,87세,중상
2517,2019090500100210,2019년 9월 5일 09시,목요일,전라북도 정읍시 수성동,중상사고,0,1,0,0,차대사람 - 횡단중,안전운전불이행,포장 - 건조,맑음,기타 - 기타,승합,남,75세,상해없음,보행자,여,80세,중상
2518,2019090500100295,2019년 9월 5일 12시,목요일,전라북도 김제시 복죽동,사망사고,1,0,0,0,차대사람 - 기타,안전운전불이행,포장 - 건조,맑음,단일로 - 기타,승합,남,71세,상해없음,보행자,여,77세,사망
2519,2019090500100296,2019년 9월 5일 12시,목요일,전라북도 남원시 월락동,중상사고,0,1,0,0,차대사람 - 횡단중,안전운전불이행,포장 - 건조,맑음,단일로 - 기타,승용,여,50세,상해없음,보행자,여,82세,중상
2520,2019090500100402,2019년 9월 5일 15시,목요일,전라북도 전주시 덕진구 장동,경상사고,0,0,1,0,차대사람 - 보도통행중,보행자보호의무위반,포장 - 젖음/습기,비,교차로 - 교차로횡단보도내,승용,여,37세,상해없음,보행자,남,10세,경상
2521,2019090500100404,2019년 9월 5일 15시,목요일,전라북도 군산시 나운동,경상사고,0,0,1,0,차대사람 - 횡단중,안전운전불이행,포장 - 젖음/습기,비,단일로 - 기타,승용,여,49세,상해없음,보행자,남,63세,경상
2522,2019090500100405,2019년 9월 5일 15시,목요일,전라북도 익산시 신동,경상사고,0,0,5,0,차대사람 - 횡단중,신호위반,포장 - 젖음/습기,비,단일로 - 기타,승용,남,76세,상해없음,보행자,남,18세,경상
2523,2019090500100584,2019년 9월 5일 19시,목요일,전라북도 익산시 남중동,중상사고,0,1,0,0,차대사람 - 횡단중,보행자보호의무위반,포장 - 건조,흐림,단일로 - 기타,이륜,남,53세,상해없음,보행자,남,65세,중상
2524,2019090500100707,2019년 9월 5일 23시,목요일,전라북도 전주시 완산구 평화동1가,경상사고,0,0,1,0,차대사람 - 기타,안전운전불이행,포장 - 건조,맑음,교차로 - 교차로부근,승용,남,48세,상해없음,보행자,남,51세,경상
2525,2019090600100149,2019년 9월 6일 09시,금요일,전라북도 완주군 삼례읍,경상사고,0,0,1,0,차대사람 - 횡단중,안전운전불이행,포장 - 건조,맑음,교차로 - 교차로안,승용,여,60세,상해없음,보행자,여,86세,경상
2526,2019090600100244,2019년 9월 6일 12시,금요일,전라북도 익산시 어양동,중상사고,0,1,0,0,차대사람 - 기타,안전운전불이행,포장 - 건조,맑음,단일로 - 기타,승용,여,44세,상해없음,보행자,여,44세,중상
2527,2019090600100266,2019년 9월 6일 13시,금요일,전라북도 전주시 덕진구 동산동,중상사고,0,1,0,0,차대사람 - 기타,기타,포장 - 건조,맑음,단일로 - 기타,화물,남,53세,상해없음,보행자,남,61세,중상
2528,2019090600100309,2019년 9월 6일 14시,금요일,전라북도 무주군 무주읍,중상사고,0,1,0,0,차대사람 - 기타,안전운전불이행,포장 - 건조,맑음,단일로 - 기타,화물,남,44세,상해없음,보행자,여,66세,중상
2529,2019090600100343,2019년 9월 6일 15시,금요일,전라북도 남원시 송동면,중상사고,0,1,0,0,차대사람 - 기타,안전운전불이행,포장 - 건조,맑음,단일로 - 기타,화물,여,50세,상해없음,보행자,여,70세,중상
2530,2019090600100446,2019년 9월 6일 17시,금요일,전라북도 남원시 산동면,중상사고,0,1,0,0,차대사람 - 기타,안전운전불이행,포장 - 건조,맑음,교차로 - 교차로안,승용,남,62세,상해없음,보행자,여,83세,중상
2531,2019090600100545,2019년 9월 6일 19시,금요일,전라북도 전주시 완산구 효자동1가,중상사고,0,1,0,0,차대사람 - 기타,안전운전불이행,포장 - 건조,맑음,기타 - 기타,승용,남,56세,상해없음,보행자,남,71세,중상
2532,2019090600100546,2019년 9월 6일 19시,금요일,전라북도 전주시 덕진구 진북동,경상사고,0,0,1,0,차대사람 - 횡단중,보행자보호의무위반,포장 - 건조,맑음,교차로 - 교차로안,승용,여,44세,상해없음,보행자,여,56세,경상
2533,2019090700100338,2019년 9월 7일 16시,토요일,전라북도 익산시 영등동,중상사고,0,1,0,0,차대사람 - 횡단중,안전운전불이행,포장 - 건조,맑음,교차로 - 교차로횡단보도내,승용,여,37세,상해없음,보행자,여,69세,중상
2534,2019090700100419,2019년 9월 7일 19시,토요일,전라북도 익산시 함열읍,중상사고,0,1,0,0,차대사람 - 횡단중,안전운전불이행,포장 - 건조,맑음,교차로 - 교차로안,승용,여,54세,상해없음,보행자,여,68세,중상
2535,2019090800100037,2019년 9월 8일 01시,일요일,전라북도 익산시 신동,경상사고,0,0,1,0,차대사람 - 차도통행중,안전운전불이행,포장 - 건조,맑음,교차로 - 교차로안,승용,남,60세,상해없음,보행자,남,22세,경상
2536,2019090800100131,2019년 9월 8일 10시,일요일,전라북도 익산시 왕궁면,중상사고,0,1,0,0,차대사람 - 기타,안전운전불이행,포장 - 건조,맑음,단일로 - 기타,화물,남,54세,상해없음,보행자,남,62세,중상
2537,2019090800100395,2019년 9월 8일 18시,일요일,전라북도 전주시 덕진구 덕진동2가,경상사고,0,0,1,0,차대사람 - 횡단중,신호위반,포장 - 젖음/습기,비,교차로 - 교차로안,승용,남,77세,상해없음,보행자,남,24세,경상
2538,2019090800100527,2019년 9월 8일 23시,일요일,전라북도 익산시 신동,중상사고,0,1,0,0,차대사람 - 횡단중,안전운전불이행,포장 - 젖음/습기,흐림,단일로 - 기타,승용,여,25세,상해없음,보행자,여,23세,중상
2539,2019090900100108,2019년 9월 9일 07시,월요일,전라북도 임실군 관촌면,중상사고,0,1,0,0,차대사람 - 횡단중,안전운전불이행,포장 - 건조,맑음,단일로 - 기타,승용,남,50세,상해없음,보행자,남,78세,중상
2540,2019090900100143,2019년 9월 9일 08시,월요일,전라북도 전주시 덕진구 금암동,중상사고,0,1,0,0,차대사람 - 횡단중,보행자보호의무위반,포장 - 젖음/습기,비,교차로 - 교차로안,승용,남,51세,상해없음,보행자,여,80세,중상
2541,2019090900100144,2019년 9월 9일 08시,월요일,전라북도 익산시 인화동1가,경상사고,0,0,1,0,차대사람 - 보도통행중,안전운전불이행,포장 - 젖음/습기,비,교차로 - 교차로안,승용,남,60세,상해없음,보행자,여,75세,경상
2542,2019090900100145,2019년 9월 9일 08시,월요일,전라북도 진안군 진안읍,중상사고,0,1,0,0,차대사람 - 기타,안전운전불이행,포장 - 젖음/습기,흐림,단일로 - 기타,승용,여,43세,상해없음,보행자,여,80세,중상
2543,2019090900100194,2019년 9월 9일 09시,월요일,전라북도 전주시 완산구 경원동1가,중상사고,0,1,0,0,차대사람 - 차도통행중,안전운전불이행,포장 - 젖음/습기,비,교차로 - 교차로안,승용,여,38세,상해없음,보행자,여,63세,중상