,사고번호,사고일시,요일,시군구,사고내용,사망자수,중상자수,경상자수,부상신고자수,사고유형,법규위반,노면상태,기상상태,도로형태,가해운전자 차종,가해운전자 성별,가해운전자 연령,가해운전자 상해정도,피해운전자 차종,피해운전자 성별,피해운전자 연령,피해운전자 상해정도
2544,2019090900100277,2019년 9월 9일 11시,월요일,전라북도 남원시 왕정동,중상사고,0,1,0,0,차대사람 - 차도통행중,안전운전불이행,포장 - 건조,맑음,교차로 - 교차로부근,화물,여,69세,상해없음,보행자,여,80세,중상
2545,2019090900100331,2019년 9월 9일 12시,월요일,전라북도 고창군 성내면,경상사고,0,0,2,0,차대사람 - 기타,안전운전불이행,포장 - 건조,맑음,기타 - 기타,이륜,남,72세,경상,보행자,여,76세,경상
2546,2019090900100437,2019년 9월 9일 15시,월요일,전라북도 익산시 신동,경상사고,0,0,1,0,차대사람 - 차도통행중,안전운전불이행,포장 - 젖음/습기,비,단일로 - 기타,화물,남,58세,상해없음,보행자,여,58세,경상
2547,2019090900100487,2019년 9월 9일 16시,월요일,전라북도 전주시 완산구 평화동1가,중상사고,0,1,0,0,차대사람 - 횡단중,신호위반,포장 - 건조,맑음,교차로 - 교차로부근,승용,여,49세,상해없음,보행자,여,64세,중상
2548,2019091000100077,2019년 9월 10일 04시,화요일,전라북도 전주시 덕진구 인후동1가,경상사고,0,0,1,0,차대사람 - 횡단중,신호위반,포장 - 건조,맑음,교차로 - 교차로횡단보도내,승용,남,33세,상해없음,보행자,여,76세,경상
2549,2019091000100172,2019년 9월 10일 08시,화요일,전라북도 전주시 완산구 서서학동,경상사고,0,0,1,0,차대사람 - 기타,안전운전불이행,포장 - 건조,맑음,단일로 - 기타,자전거,남,12세,상해없음,보행자,여,82세,경상
2550,2019091000100280,2019년 9월 10일 10시,화요일,전라북도 부안군 부안읍,경상사고,0,0,1,0,차대사람 - 차도통행중,안전운전불이행,포장 - 건조,맑음,단일로 - 기타,승용,남,66세,상해없음,보행자,여,64세,경상
2551,2019091000100440,2019년 9월 10일 14시,화요일,전라북도 익산시 갈산동,중상사고,0,1,0,0,차대사람 - 기타,안전운전불이행,포장 - 건조,맑음,단일로 - 기타,승용,남,58세,상해없음,보행자,여,66세,중상
2552,2019091000100441,2019년 9월 10일 14시,화요일,전라북도 정읍시 장명동,중상사고,0,1,0,0,차대사람 - 횡단중,안전운전불이행,포장 - 건조,맑음,교차로 - 교차로횡단보도내,승용,남,49세,상해없음,보행자,남,56세,중상
2553,2019091000100481,2019년 9월 10일 15시,화요일,전라북도 전주시 완산구 서노송동,중상사고,0,1,0,0,차대사람 - 기타,안전운전불이행,포장 - 건조,맑음,교차로 - 교차로안,승용,남,56세,상해없음,보행자,여,81세,중상
2554,2019091000100570,2019년 9월 10일 17시,화요일,전라북도 전주시 덕진구 송천동1가,중상사고,0,1,0,0,차대사람 - 횡단중,보행자보호의무위반,포장 - 건조,맑음,단일로 - 기타,원동기,남,19세,상해없음,보행자,여,61세,중상
2555,2019091000100666,2019년 9월 10일 19시,화요일,전라북도 남원시 쌍교동,중상사고,0,1,0,0,차대사람 - 횡단중,안전운전불이행,포장 - 건조,맑음,단일로 - 기타,화물,남,71세,기타불명,보행자,남,64세,중상
2556,2019091100100426,2019년 9월 11일 14시,수요일,전라북도 완주군 삼례읍,경상사고,0,0,1,0,차대사람 - 기타,안전운전불이행,포장 - 건조,맑음,단일로 - 기타,화물,남,52세,상해없음,보행자,남,55세,경상
2557,2019091100100542,2019년 9월 11일 16시,수요일,전라북도 군산시 문화동,경상사고,0,0,1,0,차대사람 - 횡단중,안전운전불이행,포장 - 건조,맑음,단일로 - 지하차도(도로)내,승용,여,56세,상해없음,보행자,남,6세,경상
2558,2019091100100727,2019년 9월 11일 19시,수요일,전라북도 전주시 완산구 중화산동2가,경상사고,0,0,1,0,차대사람 - 횡단중,안전운전불이행,포장 - 건조,흐림,단일로 - 기타,승용,여,53세,상해없음,보행자,남,60세,경상
2559,2019091100100825,2019년 9월 11일 22시,수요일,전라북도 군산시 나운동,중상사고,0,1,1,0,차대사람 - 횡단중,안전운전불이행,포장 - 건조,맑음,교차로 - 교차로부근,승용,남,47세,상해없음,보행자,남,35세,중상
2560,2019091200100023,2019년 9월 12일 00시,목요일,전라북도 전주시 덕진구 금암동,중상사고,0,1,0,0,차대사람 - 횡단중,안전운전불이행,포장 - 젖음/습기,비,단일로 - 기타,승용,남,57세,상해없음,보행자,남,41세,중상
2561,2019091200100063,2019년 9월 12일 03시,목요일,전라북도 전주시 완산구 효자동3가,경상사고,0,0,1,0,차대사람 - 횡단중,보행자보호의무위반,포장 - 젖음/습기,비,교차로 - 교차로횡단보도내,승용,여,37세,상해없음,보행자,여,26세,경상
2562,2019091200100064,2019년 9월 12일 03시,목요일,전라북도 전주시 완산구 효자동3가,중상사고,0,1,0,0,차대사람 - 횡단중,안전운전불이행,포장 - 젖음/습기,비,단일로 - 기타,승용,남,60세,상해없음,보행자,남,20세,중상
2563,2019091200100218,2019년 9월 12일 12시,목요일,전라북도 익산시 함열읍,경상사고,0,0,1,0,차대사람 - 횡단중,안전운전불이행,포장 - 젖음/습기,비,교차로 - 교차로안,승용,남,46세,상해없음,보행자,여,63세,경상
2564,2019091200100472,2019년 9월 12일 20시,목요일,전라북도 익산시 신용동,중상사고,0,1,0,0,차대사람 - 횡단중,안전운전불이행,포장 - 건조,맑음,단일로 - 기타,승용,여,45세,상해없음,보행자,남,51세,중상
2565,2019091200100519,2019년 9월 12일 22시,목요일,전라북도 임실군 임실읍,중상사고,0,1,0,0,차대사람 - 기타,안전운전불이행,포장 - 서리/결빙,기타,기타 - 기타,승용,여,46세,상해없음,보행자,여,36세,중상
2566,2019091300100042,2019년 9월 13일 02시,금요일,전라북도 익산시 영등동,경상사고,0,0,1,0,차대사람 - 기타,안전운전불이행,포장 - 건조,맑음,단일로 - 기타,승용,여,24세,상해없음,보행자,여,24세,경상
2567,2019091400100039,2019년 9월 14일 02시,토요일,전라북도 전주시 덕진구 덕진동1가,중상사고,0,1,0,0,차대사람 - 횡단중,보행자보호의무위반,포장 - 건조,맑음,교차로 - 교차로횡단보도내,승용,남,55세,상해없음,보행자,남,29세,중상
2568,2019091400100171,2019년 9월 14일 13시,토요일,전라북도 전주시 덕진구 덕진동1가,부상신고사고,0,0,0,1,차대사람 - 보도통행중,기타,포장 - 건조,맑음,단일로 - 기타,이륜,남,54세,상해없음,보행자,남,3세,부상신고
2569,2019091400100362,2019년 9월 14일 20시,토요일,전라북도 군산시 조촌동,중상사고,0,1,0,0,차대사람 - 횡단중,보행자보호의무위반,포장 - 건조,기타,단일로 - 기타,승용,남,50세,상해없음,보행자,여,13세,중상
2570,2019091400100426,2019년 9월 14일 23시,토요일,전라북도 익산시 마동,중상사고,0,1,0,0,차대사람 - 기타,안전운전불이행,포장 - 건조,맑음,단일로 - 기타,승용,남,53세,상해없음,보행자,남,50세,중상
2571,2019091500100190,2019년 9월 15일 13시,일요일,전라북도 전주시 덕진구 인후동1가,경상사고,0,0,1,0,차대사람 - 횡단중,보행자보호의무위반,포장 - 건조,맑음,교차로 - 교차로횡단보도내,승용,여,36세,상해없음,보행자,여,46세,경상
2572,2019091600100139,2019년 9월 16일 08시,월요일,전라북도 전주시 완산구 서신동,중상사고,0,1,0,0,차대사람 - 횡단중,보행자보호의무위반,포장 - 건조,맑음,교차로 - 교차로횡단보도내,승용,여,77세,상해없음,보행자,남,20세,중상
2573,2019091600100228,2019년 9월 16일 10시,월요일,전라북도 전주시 완산구 중화산동2가,경상사고,0,0,1,0,차대사람 - 기타,안전운전불이행,포장 - 건조,맑음,교차로 - 교차로부근,승용,여,49세,상해없음,보행자,여,60세,경상
2574,2019091600100251,2019년 9월 16일 11시,월요일,전라북도 군산시 송창동,중상사고,0,1,0,0,차대사람 - 횡단중,보행자보호의무위반,포장 - 건조,맑음,교차로 - 교차로안,승용,남,75세,상해없음,보행자,여,68세,중상
2575,2019091600100482,2019년 9월 16일 17시,월요일,전라북도 전주시 완산구 삼천동1가,경상사고,0,0,1,0,차대사람 - 횡단중,보행자보호의무위반,포장 - 건조,맑음,기타 - 기타,승용,여,36세,상해없음,보행자,남,5세,경상
2576,2019091600100582,2019년 9월 16일 19시,월요일,전라북도 익산시 영등동,경상사고,0,0,2,0,차대사람 - 횡단중,보행자보호의무위반,포장 - 건조,맑음,교차로 - 교차로횡단보도내,화물,남,65세,상해없음,보행자,여,30세,경상
2577,2019091600100668,2019년 9월 16일 23시,월요일,전라북도 고창군 고창읍,경상사고,0,0,1,0,차대사람 - 기타,안전운전불이행,포장 - 건조,맑음,단일로 - 기타,화물,남,71세,상해없음,보행자,남,67세,경상
2578,2019091700100268,2019년 9월 17일 11시,화요일,전라북도 익산시 모현동2가,경상사고,0,0,1,0,차대사람 - 기타,보행자보호의무위반,포장 - 건조,맑음,기타 - 기타,승용,남,63세,상해없음,보행자,남,76세,경상
2579,2019091700100269,2019년 9월 17일 11시,화요일,전라북도 김제시 성덕면,경상사고,0,0,1,0,차대사람 - 차도통행중,안전운전불이행,포장 - 건조,맑음,교차로 - 교차로부근,화물,남,73세,상해없음,보행자,남,46세,경상
2580,2019091700100496,2019년 9월 17일 17시,화요일,전라북도 전주시 완산구 효자동3가,중상사고,0,1,1,0,차대사람 - 횡단중,보행자보호의무위반,포장 - 건조,맑음,교차로 - 교차로횡단보도내,승합,남,50세,상해없음,보행자,여,21세,중상
2581,2019091700100649,2019년 9월 17일 21시,화요일,전라북도 전주시 완산구 효자동2가,중상사고,0,1,0,0,차대사람 - 횡단중,안전운전불이행,포장 - 건조,맑음,교차로 - 교차로안,승용,남,62세,상해없음,보행자,여,20세,중상
2582,2019091800100129,2019년 9월 18일 08시,수요일,전라북도 전주시 덕진구 인후동2가,중상사고,0,1,0,0,차대사람 - 횡단중,안전운전불이행,포장 - 건조,맑음,교차로 - 교차로횡단보도내,화물,여,43세,상해없음,보행자,여,83세,중상
2583,2019091800100168,2019년 9월 18일 09시,수요일,전라북도 군산시 미장동,경상사고,0,0,1,0,차대사람 - 기타,보행자보호의무위반,포장 - 건조,맑음,교차로 - 교차로안,승용,여,57세,상해없음,보행자,여,50세,경상
2584,2019091800100369,2019년 9월 18일 15시,수요일,전라북도 진안군 진안읍,중상사고,0,1,0,0,차대사람 - 횡단중,보행자보호의무위반,포장 - 건조,맑음,교차로 - 교차로부근,승용,여,26세,상해없음,보행자,남,9세,중상
2585,2019091800100678,2019년 9월 18일 21시,수요일,전라북도 군산시 경암동,경상사고,0,0,1,0,차대사람 - 기타,교차로운행방법위반,포장 - 건조,맑음,단일로 - 기타,승용,남,64세,상해없음,보행자,여,68세,경상
2586,2019091900100047,2019년 9월 19일 01시,목요일,전라북도 전주시 완산구 중화산동2가,중상사고,0,1,0,0,차대사람 - 기타,안전운전불이행,포장 - 건조,맑음,기타 - 기타,승용,남,58세,상해없음,보행자,여,53세,중상
2587,2019091900100078,2019년 9월 19일 05시,목요일,전라북도 군산시 경장동,경상사고,0,0,1,0,차대사람 - 횡단중,신호위반,포장 - 건조,맑음,교차로 - 교차로횡단보도내,승용,남,58세,상해없음,보행자,여,60세,경상
2588,2019091900100158,2019년 9월 19일 08시,목요일,전라북도 군산시 문화동,경상사고,0,0,1,0,차대사람 - 횡단중,안전운전불이행,포장 - 건조,맑음,단일로 - 지하차도(도로)내,승용,여,43세,상해없음,보행자,여,14세,경상
2589,2019091900100392,2019년 9월 19일 15시,목요일,전라북도 익산시 어양동,사망사고,1,0,0,0,차대사람 - 횡단중,안전운전불이행,포장 - 건조,맑음,교차로 - 교차로안,특수,남,45세,상해없음,보행자,남,70세,사망
2590,2019091900100444,2019년 9월 19일 16시,목요일,전라북도 군산시 수송동,경상사고,0,0,1,0,차대사람 - 차도통행중,안전운전불이행,포장 - 건조,맑음,단일로 - 지하차도(도로)내,승용,남,56세,상해없음,보행자,남,7세,경상
2591,2019091900100673,2019년 9월 19일 23시,목요일,전라북도 군산시 미룡동,경상사고,0,0,1,0,차대사람 - 기타,안전운전불이행,포장 - 건조,맑음,단일로 - 기타,승용,남,21세,상해없음,보행자,남,19세,경상
2592,2019092000100074,2019년 9월 20일 05시,금요일,전라북도 고창군 대산면,중상사고,0,1,0,0,차대사람 - 차도통행중,안전운전불이행,포장 - 건조,맑음,단일로 - 기타,화물,여,56세,상해없음,보행자,여,77세,중상
2593,2019092000100390,2019년 9월 20일 15시,금요일,전라북도 전주시 완산구 삼천동1가,경상사고,0,0,1,0,차대사람 - 횡단중,보행자보호의무위반,포장 - 건조,맑음,교차로 - 교차로안,기타불명,기타불명,미분류,기타불명,보행자,여,57세,경상
2594,2019092000100391,2019년 9월 20일 15시,금요일,전라북도 익산시 마동,경상사고,0,0,1,0,차대사람 - 횡단중,안전운전불이행,포장 - 건조,맑음,단일로 - 기타,승용,남,59세,상해없음,보행자,남,14세,경상
2595,2019092000100481,2019년 9월 20일 17시,금요일,전라북도 임실군 신평면,경상사고,0,0,1,0,차대사람 - 기타,안전운전불이행,포장 - 건조,맑음,단일로 - 기타,화물,남,49세,상해없음,보행자,남,72세,경상
2596,2019092000100617,2019년 9월 20일 20시,금요일,전라북도 부안군 부안읍,경상사고,0,0,1,0,차대사람 - 횡단중,보행자보호의무위반,포장 - 건조,맑음,교차로 - 교차로안,승용,남,27세,상해없음,보행자,여,13세,경상
2597,2019092100100242,2019년 9월 21일 11시,토요일,전라북도 익산시 남중동,경상사고,0,0,1,0,차대사람 - 횡단중,안전운전불이행,포장 - 젖음/습기,비,교차로 - 교차로부근,승용,여,40세,상해없음,보행자,여,54세,경상
2598,2019092100100570,2019년 9월 21일 19시,토요일,전라북도 전주시 완산구 중화산동2가,경상사고,0,0,1,0,차대사람 - 횡단중,신호위반,포장 - 젖음/습기,비,교차로 - 교차로부근,이륜,남,19세,상해없음,보행자,여,78세,경상
2599,2019092100100573,2019년 9월 21일 19시,토요일,전라북도 정읍시 시기동,경상사고,0,0,1,0,차대사람 - 횡단중,안전운전불이행,포장 - 젖음/습기,비,단일로 - 기타,승용,남,57세,상해없음,보행자,여,47세,경상
2600,2019092100100709,2019년 9월 21일 22시,토요일,전라북도 전주시 완산구 중화산동2가,중상사고,0,1,0,0,차대사람 - 기타,안전운전불이행,포장 - 젖음/습기,비,단일로 - 기타,승용,남,54세,상해없음,보행자,남,64세,중상
2601,2019092100100710,2019년 9월 21일 22시,토요일,전라북도 전주시 완산구 삼천동1가,경상사고,0,0,1,0,차대사람 - 길가장자리구역통행중,안전운전불이행,포장 - 젖음/습기,비,교차로 - 교차로부근,승용,남,21세,상해없음,보행자,남,45세,경상
2602,2019092300100221,2019년 9월 23일 10시,월요일,전라북도 정읍시 연지동,경상사고,0,0,1,0,차대사람 - 횡단중,보행자보호의무위반,포장 - 건조,맑음,교차로 - 교차로횡단보도내,승용,남,50세,상해없음,보행자,남,72세,경상
2603,2019092300100250,2019년 9월 23일 11시,월요일,전라북도 정읍시 시기동,중상사고,0,1,0,0,차대사람 - 보도통행중,기타,포장 - 건조,맑음,기타 - 기타,자전거,남,54세,상해없음,보행자,남,52세,중상
2604,2019092300100312,2019년 9월 23일 13시,월요일,전라북도 익산시 부송동,경상사고,0,0,1,0,차대사람 - 기타,안전운전불이행,포장 - 건조,맑음,단일로 - 기타,승용,남,54세,기타불명,보행자,여,70세,경상
2605,2019092300100345,2019년 9월 23일 14시,월요일,전라북도 전주시 덕진구 인후동1가,사망사고,1,0,0,0,차대사람 - 횡단중,신호위반,포장 - 건조,맑음,단일로 - 기타,화물,남,54세,상해없음,보행자,여,87세,사망
2606,2019092300100455,2019년 9월 23일 17시,월요일,전라북도 군산시 미룡동,중상사고,0,1,0,0,차대사람 - 횡단중,보행자보호의무위반,포장 - 건조,맑음,교차로 - 교차로횡단보도내,승용,남,54세,상해없음,보행자,여,88세,중상
2607,2019092400100050,2019년 9월 24일 02시,화요일,전라북도 전주시 완산구 효자동3가,경상사고,0,0,1,0,차대사람 - 횡단중,보행자보호의무위반,포장 - 젖음/습기,기타,단일로 - 기타,승용,여,36세,상해없음,보행자,여,29세,경상
2608,2019092400100347,2019년 9월 24일 13시,화요일,전라북도 전주시 완산구 효자동2가,중상사고,0,1,0,0,차대사람 - 보도통행중,기타,포장 - 건조,맑음,단일로 - 기타,화물,남,51세,상해없음,보행자,여,53세,중상
2609,2019092400100375,2019년 9월 24일 14시,화요일,전라북도 익산시 남중동,중상사고,0,1,0,0,차대사람 - 횡단중,보행자보호의무위반,포장 - 건조,맑음,교차로 - 교차로안,승용,남,42세,상해없음,보행자,남,74세,중상
2610,2019092400100434,2019년 9월 24일 15시,화요일,전라북도 무주군 적상면,중상사고,0,2,0,0,차대사람 - 기타,중앙선침범,포장 - 건조,맑음,단일로 - 지하차도(도로)내,승용,여,54세,중상,보행자,남,59세,중상
2611,2019092400100530,2019년 9월 24일 17시,화요일,전라북도 정읍시 연지동,경상사고,0,0,1,0,차대사람 - 횡단중,보행자보호의무위반,포장 - 건조,맑음,교차로 - 교차로부근,승용,남,23세,상해없음,보행자,여,78세,경상
2612,2019092400100582,2019년 9월 24일 18시,화요일,전라북도 군산시 나운동,중상사고,0,1,0,0,차대사람 - 횡단중,보행자보호의무위반,포장 - 건조,맑음,교차로 - 교차로횡단보도내,승용,남,51세,상해없음,보행자,여,43세,중상
2613,2019092400100642,2019년 9월 24일 19시,화요일,전라북도 익산시 모현동1가,중상사고,0,1,0,0,차대사람 - 횡단중,안전운전불이행,포장 - 건조,맑음,단일로 - 기타,이륜,남,18세,상해없음,보행자,여,81세,중상
2614,2019092400100680,2019년 9월 24일 20시,화요일,전라북도 전주시 덕진구 금암동,경상사고,0,0,1,0,차대사람 - 보도통행중,보행자보호의무위반,포장 - 건조,맑음,교차로 - 교차로부근,승용,남,64세,상해없음,보행자,여,8세,경상
2615,2019092500100062,2019년 9월 25일 03시,수요일,전라북도 군산시 소룡동,사망사고,1,0,0,0,차대사람 - 횡단중,보행자보호의무위반,포장 - 건조,맑음,교차로 - 교차로횡단보도내,승용,남,63세,상해없음,보행자,남,66세,사망
2616,2019092500100147,2019년 9월 25일 08시,수요일,전라북도 전주시 완산구 평화동2가,경상사고,0,0,1,0,차대사람 - 보도통행중,신호위반,포장 - 건조,맑음,교차로 - 교차로횡단보도내,승용,남,62세,상해없음,보행자,여,12세,경상
2617,2019092500100267,2019년 9월 25일 11시,수요일,전라북도 전주시 덕진구 반월동,경상사고,0,0,1,0,차대사람 - 보도통행중,보행자보호의무위반,포장 - 건조,맑음,교차로 - 교차로횡단보도내,승용,남,64세,상해없음,보행자,남,41세,경상
2618,2019092500100480,2019년 9월 25일 17시,수요일,전라북도 전주시 완산구 평화동1가,경상사고,0,0,1,0,차대사람 - 기타,보행자보호의무위반,포장 - 건조,맑음,단일로 - 기타,기타불명,기타불명,미분류,기타불명,보행자,남,60세,경상
2619,2019092500100533,2019년 9월 25일 18시,수요일,전라북도 익산시 함열읍,경상사고,0,0,1,0,차대사람 - 기타,안전운전불이행,포장 - 건조,맑음,단일로 - 기타,승용,남,72세,기타불명,보행자,남,71세,경상
2620,2019092600100262,2019년 9월 26일 12시,목요일,전라북도 전주시 덕진구 진북동,중상사고,0,1,0,0,차대사람 - 횡단중,안전운전불이행,포장 - 건조,맑음,단일로 - 기타,승용,여,74세,상해없음,보행자,남,87세,중상
2621,2019092600100545,2019년 9월 26일 19시,목요일,전라북도 전주시 덕진구 팔복동2가,중상사고,0,1,0,0,차대사람 - 횡단중,안전운전불이행,포장 - 건조,맑음,단일로 - 기타,이륜,남,50세,상해없음,보행자,여,74세,중상
2622,2019092600100546,2019년 9월 26일 19시,목요일,전라북도 군산시 대야면,중상사고,0,1,0,0,차대사람 - 기타,안전운전불이행,포장 - 건조,맑음,단일로 - 기타,화물,남,78세,상해없음,보행자,남,49세,중상
2623,2019092600100666,2019년 9월 26일 23시,목요일,전라북도 전주시 덕진구 덕진동1가,경상사고,0,0,1,0,차대사람 - 기타,안전운전불이행,포장 - 건조,맑음,단일로 - 기타,승용,남,52세,상해없음,보행자,여,39세,경상
2624,2019092700100207,2019년 9월 27일 09시,금요일,전라북도 익산시 어양동,중상사고,0,1,0,0,차대사람 - 기타,기타,포장 - 건조,맑음,단일로 - 기타,화물,남,56세,상해없음,보행자,남,60세,중상
2625,2019092700100731,2019년 9월 27일 22시,금요일,전라북도 무주군 무주읍,중상사고,0,1,0,0,차대사람 - 횡단중,보행자보호의무위반,포장 - 건조,맑음,교차로 - 교차로횡단보도내,승합,남,39세,상해없음,보행자,여,83세,중상
2626,2019092700100760,2019년 9월 27일 23시,금요일,전라북도 전주시 덕진구 인후동2가,중상사고,0,1,0,0,차대사람 - 기타,안전운전불이행,포장 - 건조,맑음,교차로 - 교차로부근,승용,남,62세,상해없음,보행자,남,61세,중상
2627,2019092700100761,2019년 9월 27일 23시,금요일,전라북도 군산시 수송동,중상사고,0,1,0,0,차대사람 - 기타,안전운전불이행,포장 - 건조,맑음,단일로 - 기타,승용,남,26세,상해없음,보행자,남,21세,중상
2628,2019092800100048,2019년 9월 28일 00시,토요일,전라북도 전주시 완산구 평화동2가,경상사고,0,0,1,0,차대사람 - 기타,안전운전불이행,포장 - 건조,맑음,기타 - 기타,승용,여,18세,상해없음,보행자,남,47세,경상
2629,2019092800100068,2019년 9월 28일 01시,토요일,전라북도 전주시 덕진구 인후동1가,중상사고,0,1,0,0,차대사람 - 횡단중,안전운전불이행,포장 - 건조,맑음,교차로 - 교차로횡단보도내,승용,남,23세,상해없음,보행자,남,27세,중상
2630,2019092800100121,2019년 9월 28일 05시,토요일,전라북도 고창군 부안면,사망사고,1,0,0,0,차대사람 - 길가장자리구역통행중,안전운전불이행,포장 - 건조,맑음,단일로 - 기타,승용,남,64세,상해없음,보행자,여,79세,사망
2631,2019092800100201,2019년 9월 28일 09시,토요일,전라북도 전주시 덕진구 팔복동1가,중상사고,0,1,0,0,차대사람 - 기타,안전운전불이행,포장 - 건조,맑음,단일로 - 기타,화물,남,40세,상해없음,보행자,여,72세,중상
2632,2019092800100509,2019년 9월 28일 16시,토요일,전라북도 완주군 동상면,사망사고,1,0,0,0,차대사람 - 기타,안전운전불이행,포장 - 건조,맑음,단일로 - 기타,화물,남,63세,상해없음,보행자,여,79세,사망
2633,2019092800100680,2019년 9월 28일 20시,토요일,전라북도 군산시 나운동,중상사고,0,1,0,0,차대사람 - 길가장자리구역통행중,안전운전불이행,포장 - 건조,맑음,교차로 - 교차로부근,승용,여,54세,상해없음,보행자,남,23세,중상
2634,2019092900100520,2019년 9월 29일 20시,일요일,전라북도 군산시 조촌동,중상사고,0,1,0,0,차대사람 - 차도통행중,신호위반,포장 - 건조,맑음,교차로 - 교차로횡단보도내,이륜,남,47세,상해없음,보행자,여,62세,중상
2635,2019093000100187,2019년 9월 30일 09시,월요일,전라북도 전주시 덕진구 호성동2가,사망사고,1,0,0,0,차대사람 - 차도통행중,안전운전불이행,포장 - 건조,맑음,단일로 - 기타,승용,여,55세,상해없음,보행자,여,71세,사망
2636,2019093000100327,2019년 9월 30일 13시,월요일,전라북도 전주시 완산구 중앙동1가,경상사고,0,0,1,0,차대사람 - 기타,안전운전불이행,포장 - 건조,맑음,단일로 - 기타,승용,남,25세,상해없음,보행자,남,57세,경상
2637,2019093000100328,2019년 9월 30일 13시,월요일,전라북도 전주시 덕진구 송천동1가,경상사고,0,0,1,0,차대사람 - 보도통행중,안전운전불이행,포장 - 건조,맑음,단일로 - 기타,승용,남,57세,상해없음,보행자,남,36세,경상
2638,2019093000100558,2019년 9월 30일 18시,월요일,전라북도 군산시 금광동,중상사고,0,1,0,0,차대사람 - 차도통행중,보행자보호의무위반,포장 - 건조,기타,단일로 - 기타,승용,남,50세,상해없음,보행자,남,81세,중상
2639,2019093000100625,2019년 9월 30일 19시,월요일,전라북도 완주군 구이면,중상사고,0,1,0,0,차대사람 - 기타,안전운전불이행,포장 - 건조,맑음,단일로 - 기타,화물,남,55세,상해없음,보행자,남,62세,중상
2640,2019100100100149,2019년 10월 1일 08시,화요일,전라북도 군산시 조촌동,경상사고,0,0,1,0,차대사람 - 횡단중,보행자보호의무위반,포장 - 건조,맑음,교차로 - 교차로횡단보도내,승용,남,49세,상해없음,보행자,여,35세,경상
2641,2019100100100219,2019년 10월 1일 10시,화요일,전라북도 군산시 경암동,경상사고,0,0,1,0,차대사람 - 횡단중,신호위반,포장 - 건조,맑음,단일로 - 지하차도(도로)내,승용,여,63세,기타불명,보행자,여,74세,경상
2642,2019100100100288,2019년 10월 1일 12시,화요일,전라북도 익산시 신동,중상사고,0,1,0,0,차대사람 - 보도통행중,기타,포장 - 건조,맑음,교차로 - 교차로부근,화물,남,28세,상해없음,보행자,여,80세,중상
2643,2019100100100354,2019년 10월 1일 14시,화요일,전라북도 전주시 완산구 중화산동2가,경상사고,0,0,1,0,차대사람 - 횡단중,보행자보호의무위반,포장 - 건조,맑음,단일로 - 기타,승용,여,41세,상해없음,보행자,여,69세,경상
2644,2019100100100472,2019년 10월 1일 17시,화요일,전라북도 김제시 신풍동,중상사고,0,1,0,0,차대사람 - 기타,안전운전불이행,포장 - 젖음/습기,비,단일로 - 기타,화물,남,71세,상해없음,보행자,여,57세,중상
2645,2019100100100632,2019년 10월 1일 20시,화요일,전라북도 익산시 부송동,중상사고,0,1,0,0,차대사람 - 기타,안전운전불이행,포장 - 건조,맑음,단일로 - 기타,승용,남,36세,상해없음,보행자,남,42세,중상
2646,2019100200100044,2019년 10월 2일 01시,수요일,전라북도 전주시 완산구 평화동2가,중상사고,0,1,0,0,차대사람 - 횡단중,신호위반,포장 - 건조,기타,교차로 - 교차로횡단보도내,이륜,남,21세,상해없음,보행자,여,59세,중상
2647,2019100200100091,2019년 10월 2일 06시,수요일,전라북도 전주시 완산구 서신동,중상사고,0,1,0,0,차대사람 - 기타,안전운전불이행,포장 - 젖음/습기,비,기타 - 기타,자전거,남,37세,상해없음,보행자,여,65세,중상
2648,2019100200100230,2019년 10월 2일 10시,수요일,전라북도 부안군 부안읍,중상사고,0,1,0,0,차대사람 - 횡단중,안전운전불이행,포장 - 젖음/습기,비,단일로 - 기타,승용,남,74세,상해없음,보행자,여,69세,중상
2649,2019100200100378,2019년 10월 2일 14시,수요일,전라북도 군산시 경암동,경상사고,0,0,1,0,차대사람 - 길가장자리구역통행중,안전운전불이행,포장 - 젖음/습기,비,단일로 - 기타,승용,남,68세,상해없음,보행자,남,25세,경상
2650,2019100200100516,2019년 10월 2일 17시,수요일,전라북도 전주시 덕진구 여의동,경상사고,0,0,1,0,차대사람 - 횡단중,보행자보호의무위반,포장 - 젖음/습기,비,교차로 - 교차로횡단보도내,화물,남,68세,상해없음,보행자,여,63세,경상
2651,2019100200100762,2019년 10월 2일 20시,수요일,전라북도 군산시 조촌동,중상사고,0,1,0,0,차대사람 - 횡단중,안전운전불이행,포장 - 젖음/습기,맑음,단일로 - 지하차도(도로)내,승용,남,49세,상해없음,보행자,남,23세,중상
2652,2019100200100816,2019년 10월 2일 21시,수요일,전라북도 완주군 삼례읍,사망사고,1,0,0,0,차대사람 - 차도통행중,보행자보호의무위반,포장 - 젖음/습기,비,교차로 - 교차로부근,화물,남,31세,상해없음,보행자,남,55세,사망
2653,2019100200100870,2019년 10월 2일 22시,수요일,전라북도 전주시 완산구 효자동1가,중상사고,0,1,0,0,차대사람 - 기타,보행자보호의무위반,포장 - 젖음/습기,비,단일로 - 기타,화물,남,38세,상해없음,보행자,남,53세,중상