,사고번호,사고일시,요일,시군구,사고내용,사망자수,중상자수,경상자수,부상신고자수,사고유형,법규위반,노면상태,기상상태,도로형태,가해운전자 차종,가해운전자 성별,가해운전자 연령,가해운전자 상해정도,피해운전자 차종,피해운전자 성별,피해운전자 연령,피해운전자 상해정도
4083,2020100600100638,2020년 10월 6일 22시,화요일,전라북도 정읍시 소성면,중상사고,0,1,0,0,차대사람 - 길가장자리구역통행중,안전운전불이행,포장 - 건조,맑음,단일로 - 기타,승용,여,36세,상해없음,보행자,남,46세,중상
4084,2020100700100522,2020년 10월 7일 19시,수요일,전라북도 진안군 진안읍,중상사고,0,1,0,0,차대사람 - 차도통행중,안전운전불이행,포장 - 건조,맑음,단일로 - 기타,화물,남,56세,상해없음,보행자,남,83세,중상
4085,2020100700100580,2020년 10월 7일 21시,수요일,전라북도 군산시 나운동,중상사고,0,1,0,0,차대사람 - 보도통행중,보행자보호의무위반,포장 - 건조,맑음,교차로 - 교차로안,개인형이동수단(PM),남,15세,상해없음,보행자,여,55세,중상
4086,2020100700100581,2020년 10월 7일 21시,수요일,전라북도 익산시 모현동2가,중상사고,0,1,0,0,차대사람 - 횡단중,보행자보호의무위반,포장 - 건조,맑음,교차로 - 교차로안,승용,남,56세,상해없음,보행자,남,54세,중상
4087,2020100800100181,2020년 10월 8일 09시,목요일,전라북도 전주시 완산구 효자동3가,경상사고,0,0,1,0,차대사람 - 차도통행중,안전운전불이행,포장 - 건조,맑음,단일로 - 기타,승용,남,32세,상해없음,보행자,남,42세,경상
4088,2020100800100403,2020년 10월 8일 15시,목요일,전라북도 익산시 영등동,경상사고,0,0,1,0,차대사람 - 횡단중,보행자보호의무위반,포장 - 건조,맑음,교차로 - 교차로안,승용,남,29세,상해없음,보행자,남,81세,경상
4089,2020100900100055,2020년 10월 9일 03시,금요일,전라북도 익산시 모현동1가,경상사고,0,0,1,0,차대사람 - 기타,안전운전불이행,포장 - 건조,맑음,단일로 - 기타,기타불명,기타불명,미분류,기타불명,보행자,남,42세,경상
4090,2020100900100134,2020년 10월 9일 09시,금요일,전라북도 부안군 부안읍,중상사고,0,1,0,0,차대사람 - 기타,안전운전불이행,포장 - 건조,맑음,단일로 - 기타,승용,여,66세,상해없음,보행자,남,73세,중상
4091,2020100900100325,2020년 10월 9일 15시,금요일,전라북도 군산시 신영동,부상신고사고,0,0,0,1,차대사람 - 횡단중,안전운전불이행,포장 - 건조,맑음,교차로 - 교차로부근,승용,여,57세,상해없음,보행자,여,4세,부상신고
4092,2020100900100360,2020년 10월 9일 16시,금요일,전라북도 익산시 여산면,경상사고,0,0,1,0,차대사람 - 기타,안전운전불이행,포장 - 건조,맑음,단일로 - 기타,화물,남,56세,상해없음,보행자,남,59세,경상
4093,2020100900100519,2020년 10월 9일 20시,금요일,전라북도 김제시 옥산동,경상사고,0,0,1,0,차대사람 - 횡단중,안전운전불이행,포장 - 건조,맑음,교차로 - 교차로안,승용,남,75세,상해없음,보행자,남,58세,경상
4094,2020101000100185,2020년 10월 10일 11시,토요일,전라북도 군산시 문화동,중상사고,0,1,0,0,차대사람 - 횡단중,신호위반,포장 - 건조,맑음,교차로 - 교차로횡단보도내,화물,남,51세,상해없음,보행자,여,74세,중상
4095,2020101000100301,2020년 10월 10일 14시,토요일,전라북도 전주시 완산구 교동,경상사고,0,0,1,0,차대사람 - 기타,신호위반,포장 - 건조,맑음,단일로 - 기타,이륜,남,19세,상해없음,보행자,여,18세,경상
4096,2020101000100342,2020년 10월 10일 15시,토요일,전라북도 익산시 남중동,경상사고,0,0,1,0,차대사람 - 차도통행중,안전운전불이행,포장 - 건조,맑음,단일로 - 기타,승용,여,56세,상해없음,보행자,여,52세,경상
4097,2020101000100466,2020년 10월 10일 18시,토요일,전라북도 전주시 덕진구 송천동1가,경상사고,0,0,1,0,차대사람 - 횡단중,보행자보호의무위반,포장 - 건조,맑음,교차로 - 교차로횡단보도내,승용,여,29세,상해없음,보행자,남,57세,경상
4098,2020101000100534,2020년 10월 10일 20시,토요일,전라북도 전주시 덕진구 송천동2가,경상사고,0,0,1,0,차대사람 - 횡단중,신호위반,포장 - 젖음/습기,맑음,교차로 - 교차로횡단보도내,승용,여,61세,상해없음,보행자,남,2세,경상
4099,2020101100100164,2020년 10월 11일 12시,일요일,전라북도 남원시 송동면,경상사고,0,0,1,0,차대사람 - 기타,안전운전불이행,포장 - 건조,맑음,단일로 - 기타,승합,여,44세,상해없음,보행자,남,52세,경상
4100,2020101100100353,2020년 10월 11일 18시,일요일,전라북도 남원시 도통동,중상사고,0,1,0,0,차대사람 - 횡단중,보행자보호의무위반,포장 - 건조,맑음,교차로 - 교차로횡단보도내,승용,남,54세,상해없음,보행자,남,92세,중상
4101,2020101100100462,2020년 10월 11일 22시,일요일,전라북도 완주군 봉동읍,중상사고,0,3,0,0,차대사람 - 기타,과속,포장 - 건조,맑음,단일로 - 기타,승용,남,29세,상해없음,보행자,남,40세,중상
4102,2020101200100006,2020년 10월 12일 00시,월요일,전라북도 전주시 완산구 효자동2가,경상사고,0,0,1,0,차대사람 - 기타,안전운전불이행,포장 - 건조,맑음,단일로 - 기타,승용,남,60세,상해없음,보행자,남,56세,경상
4103,2020101200100027,2020년 10월 12일 03시,월요일,전라북도 군산시 비응도동,중상사고,0,1,0,0,차대사람 - 횡단중,안전운전불이행,포장 - 건조,맑음,교차로 - 교차로안,승용,남,54세,상해없음,보행자,여,54세,중상
4104,2020101200100031,2020년 10월 12일 04시,월요일,전라북도 전주시 덕진구 호성동1가,중상사고,0,1,0,0,차대사람 - 길가장자리구역통행중,안전운전불이행,포장 - 건조,맑음,단일로 - 기타,승용,남,59세,상해없음,보행자,남,59세,중상
4105,2020101200100160,2020년 10월 12일 09시,월요일,전라북도 완주군 봉동읍,중상사고,0,1,0,0,차대사람 - 보도통행중,보행자보호의무위반,포장 - 건조,맑음,교차로 - 교차로횡단보도내,화물,남,56세,상해없음,보행자,여,74세,중상
4106,2020101200100490,2020년 10월 12일 17시,월요일,전라북도 군산시 신영동,경상사고,0,0,1,0,차대사람 - 횡단중,보행자보호의무위반,포장 - 건조,맑음,교차로 - 교차로횡단보도내,승용,남,76세,상해없음,보행자,여,24세,경상
4107,2020101200100549,2020년 10월 12일 18시,월요일,전라북도 전주시 덕진구 인후동1가,경상사고,0,0,1,0,차대사람 - 횡단중,보행자보호의무위반,포장 - 건조,맑음,교차로 - 교차로횡단보도내,자전거,남,55세,상해없음,보행자,남,46세,경상
4108,2020101300100061,2020년 10월 13일 07시,화요일,전라북도 전주시 덕진구 중동,중상사고,0,1,0,0,차대사람 - 보도통행중,신호위반,포장 - 건조,맑음,교차로 - 교차로횡단보도내,승용,남,58세,상해없음,보행자,여,77세,중상
4109,2020101300100062,2020년 10월 13일 07시,화요일,전라북도 전주시 덕진구 반월동,경상사고,0,0,1,0,차대사람 - 횡단중,신호위반,포장 - 건조,맑음,단일로 - 지하차도(도로)내,승용,여,57세,상해없음,보행자,여,27세,경상
4110,2020101300100098,2020년 10월 13일 08시,화요일,전라북도 전주시 완산구 서완산동1가,중상사고,0,1,0,0,차대사람 - 횡단중,신호위반,포장 - 건조,맑음,교차로 - 교차로횡단보도내,승합,남,47세,상해없음,보행자,여,72세,중상
4111,2020101300100212,2020년 10월 13일 11시,화요일,전라북도 익산시 남중동,중상사고,0,1,0,0,차대사람 - 보도통행중,안전운전불이행,포장 - 건조,맑음,교차로 - 교차로안,이륜,남,46세,상해없음,보행자,여,63세,중상
4112,2020101300100289,2020년 10월 13일 13시,화요일,전라북도 전주시 완산구 서노송동,중상사고,0,1,0,0,차대사람 - 횡단중,보행자보호의무위반,포장 - 건조,맑음,단일로 - 기타,화물,남,38세,상해없음,보행자,남,70세,중상
4113,2020101300100398,2020년 10월 13일 16시,화요일,전라북도 전주시 완산구 삼천동1가,중상사고,0,1,0,0,차대사람 - 횡단중,보행자보호의무위반,포장 - 건조,맑음,교차로 - 교차로횡단보도내,승용,여,50세,상해없음,보행자,남,63세,중상
4114,2020101300100399,2020년 10월 13일 16시,화요일,전라북도 전주시 덕진구 인후동1가,경상사고,0,0,1,0,차대사람 - 길가장자리구역통행중,안전운전불이행,포장 - 건조,맑음,단일로 - 기타,화물,남,36세,상해없음,보행자,여,71세,경상
4115,2020101400100208,2020년 10월 14일 11시,수요일,전라북도 전주시 완산구 평화동2가,중상사고,0,1,0,0,차대사람 - 횡단중,신호위반,포장 - 건조,맑음,교차로 - 교차로안,화물,남,45세,상해없음,보행자,여,52세,중상
4116,2020101400100211,2020년 10월 14일 11시,수요일,전라북도 군산시 경암동,경상사고,0,0,1,0,차대사람 - 기타,안전운전불이행,포장 - 건조,맑음,주차장 - 주차장,승용,여,52세,기타불명,보행자,여,49세,경상
4117,2020101400100214,2020년 10월 14일 11시,수요일,전라북도 김제시 요촌동,중상사고,0,1,0,0,차대사람 - 횡단중,안전운전불이행,포장 - 건조,맑음,교차로 - 교차로안,승합,남,51세,상해없음,보행자,남,82세,중상
4118,2020101400100469,2020년 10월 14일 18시,수요일,전라북도 전주시 덕진구 전미동2가,중상사고,0,2,0,0,차대사람 - 차도통행중,안전운전불이행,포장 - 건조,맑음,단일로 - 기타,화물,남,74세,상해없음,보행자,남,79세,중상
4119,2020101400100528,2020년 10월 14일 19시,수요일,전라북도 전주시 완산구 삼천동1가,중상사고,0,1,0,0,차대사람 - 횡단중,보행자보호의무위반,포장 - 건조,맑음,교차로 - 교차로횡단보도내,화물,남,72세,상해없음,보행자,남,46세,중상
4120,2020101400100529,2020년 10월 14일 19시,수요일,전라북도 전주시 덕진구 송천동1가,중상사고,0,1,0,0,차대사람 - 횡단중,안전운전불이행,포장 - 건조,맑음,교차로 - 교차로안,승용,남,59세,상해없음,보행자,남,76세,중상
4121,2020101500100219,2020년 10월 15일 11시,목요일,전라북도 전주시 덕진구 인후동1가,중상사고,0,1,0,0,차대사람 - 차도통행중,안전운전불이행,포장 - 건조,맑음,단일로 - 기타,이륜,남,27세,상해없음,보행자,남,61세,중상
4122,2020101500100301,2020년 10월 15일 13시,목요일,전라북도 익산시 창인동1가,경상사고,0,0,1,0,차대사람 - 차도통행중,신호위반,포장 - 건조,맑음,단일로 - 기타,승용,여,65세,상해없음,보행자,남,66세,경상
4123,2020101500100468,2020년 10월 15일 17시,목요일,전라북도 완주군 봉동읍,경상사고,0,0,1,0,차대사람 - 기타,안전운전불이행,포장 - 건조,맑음,단일로 - 기타,승용,남,81세,상해없음,보행자,남,7세,경상
4124,2020101500100637,2020년 10월 15일 20시,목요일,전라북도 전주시 덕진구 금암동,중상사고,0,1,0,0,차대사람 - 횡단중,신호위반,포장 - 건조,맑음,교차로 - 교차로횡단보도내,이륜,남,41세,상해없음,보행자,여,22세,중상
4125,2020101600100044,2020년 10월 16일 05시,금요일,전라북도 김제시 백구면,중상사고,0,1,0,0,차대사람 - 차도통행중,안전운전불이행,포장 - 건조,맑음,단일로 - 기타,승용,남,62세,상해없음,보행자,남,71세,중상
4126,2020101600100059,2020년 10월 16일 06시,금요일,전라북도 군산시 대명동,중상사고,0,1,0,0,차대사람 - 횡단중,안전운전불이행,포장 - 건조,맑음,기타 - 기타,이륜,남,29세,상해없음,보행자,여,71세,중상
4127,2020101600100481,2020년 10월 16일 18시,금요일,전라북도 전주시 덕진구 인후동1가,중상사고,0,1,0,0,차대사람 - 횡단중,보행자보호의무위반,포장 - 건조,맑음,단일로 - 기타,원동기,남,20세,상해없음,보행자,남,67세,중상
4128,2020101700100066,2020년 10월 17일 05시,토요일,전라북도 전주시 완산구 중화산동1가,중상사고,0,1,0,0,차대사람 - 횡단중,안전운전불이행,포장 - 건조,맑음,단일로 - 기타,승용,남,29세,상해없음,보행자,여,73세,중상
4129,2020101700100397,2020년 10월 17일 15시,토요일,전라북도 남원시 도통동,중상사고,0,1,0,0,차대사람 - 횡단중,보행자보호의무위반,포장 - 건조,맑음,교차로 - 교차로횡단보도내,승용,여,66세,상해없음,보행자,남,8세,중상
4130,2020101700100605,2020년 10월 17일 19시,토요일,전라북도 익산시 모현동1가,경상사고,0,0,1,0,차대사람 - 횡단중,보행자보호의무위반,포장 - 건조,맑음,교차로 - 교차로안,승용,여,43세,상해없음,보행자,남,40세,경상
4131,2020101700100606,2020년 10월 17일 19시,토요일,전라북도 익산시 왕궁면,경상사고,0,0,1,0,차대사람 - 기타,안전운전불이행,포장 - 건조,맑음,단일로 - 기타,화물,남,55세,상해없음,보행자,여,62세,경상
4132,2020101700100607,2020년 10월 17일 19시,토요일,전라북도 익산시 남중동,경상사고,0,0,1,0,차대사람 - 기타,안전운전불이행,포장 - 건조,맑음,단일로 - 기타,승용,여,53세,상해없음,보행자,여,69세,경상
4133,2020101800100167,2020년 10월 18일 11시,일요일,전라북도 전주시 완산구 효자동1가,경상사고,0,0,1,0,차대사람 - 횡단중,보행자보호의무위반,포장 - 건조,맑음,교차로 - 교차로안,승용,남,72세,상해없음,보행자,남,14세,경상
4134,2020101800100354,2020년 10월 18일 16시,일요일,전라북도 전주시 덕진구 송천동1가,중상사고,0,1,0,0,차대사람 - 차도통행중,안전운전불이행,포장 - 건조,맑음,단일로 - 기타,승용,남,52세,상해없음,보행자,남,76세,중상
4135,2020101800100511,2020년 10월 18일 20시,일요일,전라북도 전주시 덕진구 우아동3가,사망사고,1,0,0,0,차대사람 - 보도통행중,보행자보호의무위반,포장 - 건조,맑음,단일로 - 기타,승용,남,52세,상해없음,보행자,남,58세,사망
4136,2020101900100218,2020년 10월 19일 10시,월요일,전라북도 전주시 덕진구 인후동2가,중상사고,0,1,0,0,차대사람 - 횡단중,보행자보호의무위반,포장 - 건조,맑음,교차로 - 교차로횡단보도내,승용,남,35세,상해없음,보행자,여,60세,중상
4137,2020101900100220,2020년 10월 19일 10시,월요일,전라북도 고창군 고창읍,중상사고,0,1,0,0,차대사람 - 길가장자리구역통행중,안전운전불이행,포장 - 건조,맑음,교차로 - 교차로안,화물,남,68세,상해없음,보행자,여,81세,중상
4138,2020101900100255,2020년 10월 19일 11시,월요일,전라북도 남원시 인월면,중상사고,0,1,0,0,차대사람 - 차도통행중,안전운전불이행,포장 - 건조,맑음,교차로 - 교차로안,승용,남,57세,상해없음,보행자,여,74세,중상
4139,2020101900100295,2020년 10월 19일 12시,월요일,전라북도 익산시 남중동,경상사고,0,0,1,0,차대사람 - 횡단중,보행자보호의무위반,포장 - 건조,맑음,교차로 - 교차로횡단보도내,승용,남,73세,상해없음,보행자,여,63세,경상
4140,2020101900100337,2020년 10월 19일 13시,월요일,전라북도 전주시 완산구 동완산동,중상사고,0,2,0,0,차대사람 - 기타,안전운전불이행,포장 - 건조,맑음,단일로 - 기타,승용,남,73세,상해없음,보행자,남,74세,중상
4141,2020101900100338,2020년 10월 19일 13시,월요일,전라북도 전주시 덕진구 덕진동2가,중상사고,0,1,0,0,차대사람 - 횡단중,안전운전불이행,포장 - 건조,맑음,교차로 - 교차로횡단보도내,화물,남,65세,상해없음,보행자,여,81세,중상
4142,2020101900100511,2020년 10월 19일 17시,월요일,전라북도 순창군 순창읍,중상사고,0,1,1,0,차대사람 - 횡단중,안전운전불이행,포장 - 건조,맑음,교차로 - 교차로안,화물,남,51세,상해없음,보행자,남,52세,경상
4143,2020101900100627,2020년 10월 19일 19시,월요일,전라북도 군산시 금동,경상사고,0,0,1,0,차대사람 - 기타,안전운전불이행,포장 - 건조,맑음,교차로 - 교차로안,승용,여,66세,상해없음,보행자,여,45세,경상
4144,2020101900100656,2020년 10월 19일 20시,월요일,전라북도 전주시 덕진구 송천동2가,경상사고,0,0,1,0,차대사람 - 횡단중,신호위반,포장 - 건조,맑음,교차로 - 교차로횡단보도내,승용,여,33세,상해없음,보행자,여,53세,경상
4145,2020102000100104,2020년 10월 20일 08시,화요일,전라북도 정읍시 금붕동,중상사고,0,1,0,0,차대사람 - 길가장자리구역통행중,안전운전불이행,포장 - 건조,맑음,단일로 - 지하차도(도로)내,승합,남,79세,상해없음,보행자,남,84세,중상
4146,2020102000100256,2020년 10월 20일 12시,화요일,전라북도 김제시 요촌동,중상사고,0,1,0,0,차대사람 - 횡단중,보행자보호의무위반,포장 - 건조,맑음,교차로 - 교차로횡단보도내,승용,남,70세,상해없음,보행자,여,76세,중상
4147,2020102000100335,2020년 10월 20일 14시,화요일,전라북도 부안군 부안읍,경상사고,0,0,1,0,차대사람 - 차도통행중,안전운전불이행,포장 - 건조,맑음,단일로 - 기타,승용,남,37세,상해없음,보행자,여,84세,경상
4148,2020102000100613,2020년 10월 20일 19시,화요일,전라북도 전주시 덕진구 동산동,중상사고,0,1,0,0,차대사람 - 횡단중,안전운전불이행,포장 - 건조,맑음,단일로 - 기타,이륜,남,22세,기타불명,보행자,남,51세,중상
4149,2020102000100658,2020년 10월 20일 20시,화요일,전라북도 전주시 덕진구 덕진동2가,경상사고,0,0,1,0,차대사람 - 기타,안전운전불이행,포장 - 건조,맑음,기타 - 기타,승용,남,67세,상해없음,보행자,여,36세,경상
4150,2020102100100047,2020년 10월 21일 05시,수요일,전라북도 익산시 주현동,중상사고,0,1,0,0,차대사람 - 횡단중,안전운전불이행,포장 - 건조,맑음,단일로 - 기타,승용,여,60세,상해없음,보행자,여,72세,중상
4151,2020102100100487,2020년 10월 21일 18시,수요일,전라북도 익산시 부송동,경상사고,0,0,1,0,차대사람 - 횡단중,안전운전불이행,포장 - 젖음/습기,비,단일로 - 기타,승용,남,27세,상해없음,보행자,여,78세,경상
4152,2020102100100549,2020년 10월 21일 19시,수요일,전라북도 익산시 용제동,중상사고,0,1,0,0,차대사람 - 횡단중,안전운전불이행,포장 - 젖음/습기,비,단일로 - 기타,승용,남,53세,상해없음,보행자,남,78세,중상
4153,2020102100100709,2020년 10월 21일 23시,수요일,전라북도 부안군 부안읍,경상사고,0,0,1,0,차대사람 - 기타,안전운전불이행,포장 - 젖음/습기,흐림,단일로 - 기타,승용,남,59세,상해없음,보행자,여,19세,경상
4154,2020102200100392,2020년 10월 22일 16시,목요일,전라북도 완주군 봉동읍,중상사고,0,1,0,0,차대사람 - 기타,안전운전불이행,포장 - 건조,맑음,단일로 - 기타,화물,남,35세,상해없음,보행자,남,82세,중상
4155,2020102300100219,2020년 10월 23일 10시,금요일,전라북도 정읍시 시기동,중상사고,0,1,0,0,차대사람 - 보도통행중,보행자보호의무위반,포장 - 건조,맑음,교차로 - 교차로안,승용,여,53세,상해없음,보행자,여,78세,중상
4156,2020102300100420,2020년 10월 23일 15시,금요일,전라북도 전주시 완산구 효자동3가,경상사고,0,0,1,0,차대사람 - 횡단중,보행자보호의무위반,포장 - 건조,맑음,교차로 - 교차로횡단보도내,승합,여,39세,상해없음,보행자,여,24세,경상
4157,2020102300100541,2020년 10월 23일 17시,금요일,전라북도 군산시 수송동,경상사고,0,0,1,0,차대사람 - 횡단중,안전운전불이행,포장 - 건조,맑음,교차로 - 교차로안,승용,여,59세,상해없음,보행자,남,48세,경상
4158,2020102400100180,2020년 10월 24일 10시,토요일,전라북도 정읍시 시기동,중상사고,0,1,0,0,차대사람 - 기타,보행자보호의무위반,포장 - 건조,맑음,단일로 - 기타,화물,남,65세,상해없음,보행자,남,82세,중상
4159,2020102400100307,2020년 10월 24일 13시,토요일,전라북도 군산시 장재동,중상사고,0,1,0,0,차대사람 - 차도통행중,안전운전불이행,포장 - 건조,맑음,교차로 - 교차로부근,승용,여,60세,상해없음,보행자,여,65세,중상
4160,2020102400100363,2020년 10월 24일 14시,토요일,전라북도 전주시 완산구 중화산동2가,중상사고,0,1,0,0,차대사람 - 횡단중,안전운전불이행,포장 - 건조,맑음,교차로 - 교차로부근,승용,남,55세,상해없음,보행자,여,19세,중상
4161,2020102400100420,2020년 10월 24일 15시,토요일,전라북도 정읍시 시기동,중상사고,0,1,0,0,차대사람 - 횡단중,보행자보호의무위반,포장 - 건조,맑음,교차로 - 교차로안,화물,남,51세,상해없음,보행자,남,74세,중상
4162,2020102400100495,2020년 10월 24일 17시,토요일,전라북도 부안군 변산면,경상사고,0,0,1,0,차대사람 - 기타,안전운전불이행,포장 - 건조,맑음,단일로 - 기타,승용,남,42세,상해없음,보행자,남,57세,경상
4163,2020102400100613,2020년 10월 24일 20시,토요일,전라북도 익산시 모현동2가,경상사고,0,0,1,0,차대사람 - 길가장자리구역통행중,안전운전불이행,포장 - 건조,맑음,단일로 - 기타,승용,남,62세,상해없음,보행자,여,52세,경상
4164,2020102500100079,2020년 10월 25일 06시,일요일,전라북도 완주군 소양면,사망사고,1,0,0,0,차대사람 - 차도통행중,안전운전불이행,포장 - 건조,맑음,단일로 - 기타,승용,남,56세,상해없음,보행자,남,80세,사망
4165,2020102500100101,2020년 10월 25일 08시,일요일,전라북도 남원시 덕과면,사망사고,1,0,0,0,차대사람 - 차도통행중,안전운전불이행,포장 - 건조,맑음,단일로 - 기타,화물,남,70세,상해없음,보행자,여,86세,사망
4166,2020102500100195,2020년 10월 25일 12시,일요일,전라북도 정읍시 수성동,경상사고,0,0,1,0,차대사람 - 차도통행중,안전운전불이행,포장 - 건조,맑음,단일로 - 기타,승용,여,61세,상해없음,보행자,여,71세,경상
4167,2020102500100346,2020년 10월 25일 16시,일요일,전라북도 부안군 변산면,경상사고,0,0,1,0,차대사람 - 횡단중,안전운전불이행,포장 - 건조,맑음,단일로 - 지하차도(도로)내,승용,남,61세,상해없음,보행자,남,60세,경상
4168,2020102500100373,2020년 10월 25일 17시,일요일,전라북도 군산시 나운동,경상사고,0,0,1,0,차대사람 - 보도통행중,보행자보호의무위반,포장 - 건조,맑음,교차로 - 교차로부근,이륜,남,44세,상해없음,보행자,여,55세,경상
4169,2020102500100489,2020년 10월 25일 19시,일요일,전라북도 익산시 금강동,경상사고,0,0,1,0,차대사람 - 기타,안전운전불이행,포장 - 건조,맑음,단일로 - 기타,승용,남,31세,상해없음,보행자,여,59세,경상
4170,2020102500100545,2020년 10월 25일 21시,일요일,전라북도 익산시 남중동,경상사고,0,0,1,0,차대사람 - 기타,안전운전불이행,포장 - 건조,맑음,단일로 - 기타,승용,남,55세,상해없음,보행자,남,51세,경상
4171,2020102600100034,2020년 10월 26일 05시,월요일,전라북도 완주군 봉동읍,사망사고,1,0,0,0,차대사람 - 횡단중,보행자보호의무위반,포장 - 건조,맑음,교차로 - 교차로횡단보도내,승용,남,36세,상해없음,보행자,여,69세,사망
4172,2020102600100074,2020년 10월 26일 07시,월요일,전라북도 군산시 선양동,경상사고,0,0,1,0,차대사람 - 횡단중,안전운전불이행,포장 - 건조,맑음,교차로 - 교차로안,승용,여,32세,상해없음,보행자,여,15세,경상
4173,2020102600100075,2020년 10월 26일 07시,월요일,전라북도 정읍시 입암면,중상사고,0,1,0,0,차대사람 - 길가장자리구역통행중,안전운전불이행,포장 - 건조,맑음,단일로 - 기타,기타불명,기타불명,미분류,기타불명,보행자,여,66세,중상
4174,2020102600100260,2020년 10월 26일 11시,월요일,전라북도 정읍시 시기동,중상사고,0,1,0,0,차대사람 - 횡단중,보행자보호의무위반,포장 - 건조,맑음,교차로 - 교차로횡단보도내,화물,남,46세,상해없음,보행자,여,72세,중상
4175,2020102600100262,2020년 10월 26일 11시,월요일,전라북도 임실군 지사면,중상사고,0,1,0,0,차대사람 - 기타,안전운전불이행,포장 - 건조,맑음,단일로 - 기타,승용,남,49세,상해없음,보행자,남,66세,중상
4176,2020102600100447,2020년 10월 26일 16시,월요일,전라북도 전주시 완산구 서완산동1가,중상사고,0,1,0,0,차대사람 - 차도통행중,신호위반,포장 - 건조,맑음,교차로 - 교차로안,화물,남,68세,상해없음,보행자,여,72세,중상
4177,2020102600100558,2020년 10월 26일 18시,월요일,전라북도 전주시 완산구 동완산동,중상사고,0,1,0,0,차대사람 - 횡단중,보행자보호의무위반,포장 - 건조,맑음,교차로 - 교차로횡단보도내,이륜,남,29세,상해없음,보행자,여,75세,중상
4178,2020102700100048,2020년 10월 27일 05시,화요일,전라북도 군산시 사정동,중상사고,0,1,0,0,차대사람 - 기타,안전운전불이행,포장 - 건조,맑음,기타 - 기타,승용,남,81세,기타불명,보행자,남,74세,중상
4179,2020102700100297,2020년 10월 27일 13시,화요일,전라북도 군산시 나포면,경상사고,0,0,1,0,차대사람 - 기타,안전운전불이행,포장 - 건조,맑음,주차장 - 주차장,승용,남,69세,상해없음,보행자,남,40세,경상
4180,2020102700100332,2020년 10월 27일 14시,화요일,전라북도 남원시 천거동,중상사고,0,1,0,0,차대사람 - 차도통행중,안전운전불이행,포장 - 건조,맑음,교차로 - 교차로안,승용,여,30세,상해없음,보행자,남,77세,중상
4181,2020102700100333,2020년 10월 27일 14시,화요일,전라북도 남원시 인월면,경상사고,0,0,1,0,차대사람 - 기타,안전운전불이행,포장 - 건조,맑음,교차로 - 교차로부근,화물,남,63세,상해없음,보행자,남,55세,경상
4182,2020102700100505,2020년 10월 27일 18시,화요일,전라북도 전주시 완산구 경원동3가,경상사고,0,0,1,0,차대사람 - 기타,안전운전불이행,포장 - 건조,맑음,교차로 - 교차로안,승용,남,53세,상해없음,보행자,남,63세,경상
4183,2020102800100088,2020년 10월 28일 07시,수요일,전라북도 남원시 덕과면,중상사고,0,1,0,0,차대사람 - 기타,안전운전불이행,포장 - 건조,맑음,단일로 - 기타,화물,여,65세,상해없음,보행자,여,76세,중상
4184,2020102800100198,2020년 10월 28일 10시,수요일,전라북도 부안군 부안읍,중상사고,0,1,0,0,차대사람 - 차도통행중,안전운전불이행,포장 - 건조,맑음,단일로 - 기타,승합,남,57세,상해없음,보행자,여,83세,중상
4185,2020102800100307,2020년 10월 28일 13시,수요일,전라북도 김제시 금산면,경상사고,0,0,1,0,차대사람 - 차도통행중,안전운전불이행,포장 - 건조,맑음,단일로 - 기타,승용,여,46세,상해없음,보행자,여,89세,경상
4186,2020102800100308,2020년 10월 28일 13시,수요일,전라북도 부안군 부안읍,경상사고,0,0,1,0,차대사람 - 기타,안전운전불이행,포장 - 건조,맑음,단일로 - 기타,승용,남,66세,상해없음,보행자,남,47세,경상
4187,2020102800100345,2020년 10월 28일 14시,수요일,전라북도 전주시 완산구 전동,경상사고,0,0,1,0,차대사람 - 기타,안전운전불이행,포장 - 건조,맑음,단일로 - 기타,승합,남,53세,상해없음,보행자,여,90세,경상
4188,2020102800100382,2020년 10월 28일 15시,수요일,전라북도 전주시덕진구 동산동,경상사고,0,0,1,0,차대사람 - 횡단중,안전운전불이행,포장 - 건조,맑음,단일로 - 기타,승용,여,32세,상해없음,보행자,남,7세,경상
4189,2020102800100426,2020년 10월 28일 16시,수요일,전라북도 익산시 영등동,경상사고,0,0,1,0,차대사람 - 기타,안전운전불이행,포장 - 건조,맑음,단일로 - 기타,승용,여,60세,상해없음,보행자,남,67세,경상
4190,2020102800100526,2020년 10월 28일 18시,수요일,전라북도 김제시 봉남면,사망사고,1,0,0,0,차대사람 - 길가장자리구역통행중,안전운전불이행,포장 - 건조,맑음,교차로 - 교차로부근,승용,남,61세,상해없음,보행자,여,69세,사망
4191,2020102900100007,2020년 10월 29일 00시,목요일,전라북도 전주시 완산구 다가동2가,중상사고,0,1,0,0,차대사람 - 기타,안전운전불이행,포장 - 건조,맑음,단일로 - 기타,승용,남,69세,상해없음,보행자,여,65세,중상