,사고번호,사고일시,요일,시군구,사고내용,사망자수,중상자수,경상자수,부상신고자수,사고유형,법규위반,노면상태,기상상태,도로형태,가해운전자 차종,가해운전자 성별,가해운전자 연령,가해운전자 상해정도,피해운전자 차종,피해운전자 성별,피해운전자 연령,피해운전자 상해정도
4192,2020102900100276,2020년 10월 29일 12시,목요일,전라북도 전주시 완산구 삼천동1가,경상사고,0,0,1,0,차대사람 - 횡단중,신호위반,포장 - 건조,맑음,교차로 - 교차로횡단보도내,이륜,남,40세,상해없음,보행자,남,62세,경상
4193,2020102900100437,2020년 10월 29일 16시,목요일,전라북도 정읍시 수성동,중상사고,0,1,0,0,차대사람 - 횡단중,보행자보호의무위반,포장 - 건조,맑음,교차로 - 교차로횡단보도내,승용,남,64세,상해없음,보행자,여,52세,중상
4194,2020103000100372,2020년 10월 30일 14시,금요일,전라북도 전주시 완산구 효자동1가,경상사고,0,0,1,0,차대사람 - 횡단중,안전운전불이행,포장 - 건조,맑음,교차로 - 교차로안,승용,남,47세,상해없음,보행자,남,64세,경상
4195,2020103000100514,2020년 10월 30일 17시,금요일,전라북도 전주시 완산구 서신동,경상사고,0,0,1,0,차대사람 - 기타,안전운전불이행,포장 - 건조,맑음,단일로 - 기타,승용,남,59세,상해없음,보행자,여,6세,경상
4196,2020103000100516,2020년 10월 30일 17시,금요일,전라북도 김제시 요촌동,중상사고,0,1,0,0,차대사람 - 횡단중,보행자보호의무위반,포장 - 건조,맑음,교차로 - 교차로횡단보도내,승용,남,60세,상해없음,보행자,여,77세,중상
4197,2020103000100584,2020년 10월 30일 18시,금요일,전라북도 군산시 산북동,경상사고,0,0,1,0,차대사람 - 횡단중,안전운전불이행,포장 - 건조,맑음,교차로 - 교차로안,승용,여,35세,상해없음,보행자,여,83세,경상
4198,2020103000100688,2020년 10월 30일 20시,금요일,전라북도 전주시 완산구 삼천동1가,경상사고,0,0,1,0,차대사람 - 차도통행중,안전운전불이행,포장 - 건조,맑음,교차로 - 교차로안,기타불명,기타불명,미분류,기타불명,보행자,남,26세,경상
4199,2020103000100689,2020년 10월 30일 20시,금요일,전라북도 김제시 신풍동,경상사고,0,0,1,0,차대사람 - 차도통행중,안전운전불이행,포장 - 건조,맑음,교차로 - 교차로안,승용,남,21세,상해없음,보행자,여,41세,경상
4200,2020103000100691,2020년 10월 30일 20시,금요일,전라북도 순창군 구림면,사망사고,1,0,0,0,차대사람 - 기타,안전운전불이행,포장 - 건조,맑음,단일로 - 기타,화물,남,41세,상해없음,보행자,여,85세,사망
4201,2020103100100178,2020년 10월 31일 10시,토요일,전라북도 익산시 남중동,중상사고,0,1,0,0,차대사람 - 횡단중,안전운전불이행,포장 - 건조,맑음,교차로 - 교차로안,특수,남,55세,상해없음,보행자,여,79세,중상
4202,2020103100100426,2020년 10월 31일 16시,토요일,전라북도 완주군 소양면,경상사고,0,0,1,0,차대사람 - 횡단중,안전운전불이행,포장 - 건조,맑음,단일로 - 기타,승용,남,37세,상해없음,보행자,여,7세,경상
4203,2020110100100009,2020년 11월 1일 00시,일요일,전라북도 전주시 완산구 다가동3가,경상사고,0,0,1,0,차대사람 - 차도통행중,안전운전불이행,포장 - 건조,맑음,기타 - 기타,승용,남,30세,상해없음,보행자,남,19세,경상
4204,2020110200100262,2020년 11월 2일 12시,월요일,전라북도 군산시 미원동,경상사고,0,0,2,0,차대사람 - 횡단중,보행자보호의무위반,포장 - 건조,맑음,교차로 - 교차로횡단보도내,승용,남,63세,상해없음,보행자,남,79세,경상
4205,2020110200100449,2020년 11월 2일 17시,월요일,전라북도 남원시 어현동,중상사고,0,1,0,0,차대사람 - 횡단중,안전운전불이행,포장 - 건조,맑음,단일로 - 기타,이륜,남,65세,상해없음,보행자,남,56세,중상
4206,2020110300100381,2020년 11월 3일 15시,화요일,전라북도 김제시 요촌동,경상사고,0,0,2,0,차대사람 - 횡단중,보행자보호의무위반,포장 - 건조,맑음,교차로 - 교차로안,승합,여,58세,상해없음,보행자,남,11세,경상
4207,2020110300100474,2020년 11월 3일 17시,화요일,전라북도 익산시 모현동1가,중상사고,0,1,0,0,차대사람 - 횡단중,안전운전불이행,포장 - 건조,맑음,교차로 - 교차로부근,승용,여,35세,상해없음,보행자,여,29세,중상
4208,2020110300100587,2020년 11월 3일 19시,화요일,전라북도 익산시 망성면,경상사고,0,0,1,0,차대사람 - 길가장자리구역통행중,안전운전불이행,포장 - 건조,맑음,단일로 - 기타,승용,남,78세,상해없음,보행자,남,20세,경상
4209,2020110400100174,2020년 11월 4일 09시,수요일,전라북도 전주시 덕진구 인후동2가,중상사고,0,1,0,0,차대사람 - 횡단중,안전운전불이행,포장 - 건조,맑음,교차로 - 교차로횡단보도내,화물,남,68세,상해없음,보행자,여,79세,중상
4210,2020110400100302,2020년 11월 4일 12시,수요일,전라북도 무주군 안성면,중상사고,0,1,0,0,차대사람 - 차도통행중,안전운전불이행,포장 - 건조,맑음,교차로 - 교차로안,승용,남,85세,상해없음,보행자,여,66세,중상
4211,2020110400100370,2020년 11월 4일 14시,수요일,전라북도 군산시 개정면,중상사고,0,1,0,0,차대사람 - 기타,안전운전불이행,포장 - 건조,흐림,단일로 - 기타,화물,남,69세,상해없음,보행자,여,69세,중상
4212,2020110400100553,2020년 11월 4일 18시,수요일,전라북도 전주시 완산구 중화산동2가,경상사고,0,0,1,0,차대사람 - 기타,안전운전불이행,포장 - 건조,맑음,단일로 - 기타,승용,남,49세,상해없음,보행자,남,27세,경상
4213,2020110400100648,2020년 11월 4일 20시,수요일,전라북도 익산시 여산면,중상사고,0,2,0,0,차대사람 - 길가장자리구역통행중,안전운전불이행,비포장 - 건조,맑음,기타 - 기타,이륜,남,48세,상해없음,보행자,여,22세,중상
4214,2020110500100249,2020년 11월 5일 12시,목요일,전라북도 군산시 신창동,중상사고,0,1,0,0,차대사람 - 횡단중,안전운전불이행,포장 - 건조,맑음,단일로 - 지하차도(도로)내,승용,여,49세,상해없음,보행자,남,76세,중상
4215,2020110500100410,2020년 11월 5일 17시,목요일,전라북도 익산시 송학동,경상사고,0,0,1,0,차대사람 - 기타,안전운전불이행,포장 - 건조,맑음,단일로 - 기타,승용,여,26세,상해없음,보행자,여,73세,경상
4216,2020110500100482,2020년 11월 5일 18시,목요일,전라북도 군산시 오식도동,중상사고,0,1,0,0,차대사람 - 횡단중,보행자보호의무위반,포장 - 건조,맑음,교차로 - 교차로횡단보도내,이륜,남,54세,상해없음,보행자,남,5세,중상
4217,2020110600100167,2020년 11월 6일 10시,금요일,전라북도 전주시 덕진구 송천동1가,중상사고,0,1,0,0,차대사람 - 차도통행중,안전운전불이행,포장 - 건조,흐림,단일로 - 기타,승용,여,70세,상해없음,보행자,여,55세,중상
4218,2020110700100077,2020년 11월 7일 06시,토요일,전라북도 진안군 진안읍,경상사고,0,0,1,0,차대사람 - 횡단중,안전운전불이행,포장 - 건조,맑음,단일로 - 교량,승용,남,63세,상해없음,보행자,남,74세,경상
4219,2020110700100158,2020년 11월 7일 10시,토요일,전라북도 무주군 설천면,중상사고,0,1,0,0,차대사람 - 횡단중,안전운전불이행,포장 - 건조,맑음,단일로 - 지하차도(도로)내,화물,남,69세,상해없음,보행자,여,1세,중상
4220,2020110700100251,2020년 11월 7일 12시,토요일,전라북도 익산시 신용동,경상사고,0,0,1,0,차대사람 - 횡단중,안전운전불이행,포장 - 건조,맑음,교차로 - 교차로부근,승용,남,76세,상해없음,보행자,남,30세,경상
4221,2020110700100661,2020년 11월 7일 22시,토요일,전라북도 전주시 덕진구 송천동2가,사망사고,1,0,0,0,차대사람 - 횡단중,신호위반,포장 - 건조,맑음,교차로 - 교차로안,화물,남,36세,상해없음,보행자,남,62세,사망
4222,2020110700100662,2020년 11월 7일 22시,토요일,전라북도 군산시 나운동,경상사고,0,0,1,0,차대사람 - 기타,보행자보호의무위반,포장 - 건조,맑음,단일로 - 기타,승용,남,28세,상해없음,보행자,남,35세,경상
4223,2020110800100016,2020년 11월 8일 00시,일요일,전라북도 전주시 덕진구 인후동1가,경상사고,0,0,1,0,차대사람 - 차도통행중,안전운전불이행,포장 - 건조,맑음,교차로 - 교차로부근,승용,남,72세,상해없음,보행자,남,60세,경상
4224,2020110800100017,2020년 11월 8일 00시,일요일,전라북도 군산시 나운동,경상사고,0,0,1,0,차대사람 - 횡단중,안전운전불이행,포장 - 건조,맑음,단일로 - 기타,이륜,남,18세,상해없음,보행자,남,54세,경상
4225,2020110800100432,2020년 11월 8일 18시,일요일,전라북도 익산시 마동,중상사고,0,1,0,0,차대사람 - 차도통행중,안전운전불이행,포장 - 건조,맑음,교차로 - 교차로안,승용,남,48세,상해없음,보행자,남,36세,중상
4226,2020110800100506,2020년 11월 8일 20시,일요일,전라북도 전주시 덕진구 인후동1가,경상사고,0,0,1,0,차대사람 - 기타,안전운전불이행,포장 - 건조,맑음,교차로 - 교차로안,승용,남,38세,상해없음,보행자,여,49세,경상
4227,2020110800100508,2020년 11월 8일 20시,일요일,전라북도 김제시 요촌동,경상사고,0,0,1,0,차대사람 - 횡단중,보행자보호의무위반,포장 - 건조,맑음,교차로 - 교차로안,화물,남,59세,상해없음,보행자,여,42세,경상
4228,2020110900100276,2020년 11월 9일 12시,월요일,전라북도 전주시 덕진구 금암동,중상사고,0,1,0,0,차대사람 - 기타,안전운전불이행,포장 - 건조,맑음,교차로 - 교차로안,승용,여,60세,상해없음,보행자,여,74세,중상
4229,2020110900100350,2020년 11월 9일 14시,월요일,전라북도 익산시 남중동,경상사고,0,0,1,0,차대사람 - 차도통행중,안전운전불이행,포장 - 건조,맑음,단일로 - 기타,승용,남,72세,상해없음,보행자,여,66세,경상
4230,2020110900100552,2020년 11월 9일 18시,월요일,전라북도 군산시 월명동,경상사고,0,0,1,0,차대사람 - 차도통행중,안전운전불이행,포장 - 건조,맑음,교차로 - 교차로안,승용,여,27세,상해없음,보행자,남,46세,경상
4231,2020110900100553,2020년 11월 9일 18시,월요일,전라북도 장수군 계북면,중상사고,0,1,0,0,차대사람 - 횡단중,안전운전불이행,포장 - 건조,맑음,교차로 - 교차로부근,화물,남,53세,상해없음,보행자,남,86세,중상
4232,2020110900100596,2020년 11월 9일 19시,월요일,전라북도 익산시 함열읍,중상사고,0,1,0,0,차대사람 - 기타,안전운전불이행,포장 - 건조,맑음,단일로 - 기타,승용,여,48세,상해없음,보행자,남,37세,중상
4233,2020110900100650,2020년 11월 9일 21시,월요일,전라북도 전주시 완산구 효자동1가,경상사고,0,0,1,0,차대사람 - 기타,안전운전불이행,포장 - 건조,맑음,교차로 - 교차로안,기타불명,기타불명,미분류,기타불명,보행자,남,38세,경상
4234,2020111000100440,2020년 11월 10일 16시,화요일,전라북도 전주시 완산구 효자동1가,중상사고,0,1,0,0,차대사람 - 기타,신호위반,포장 - 건조,맑음,단일로 - 기타,이륜,남,62세,상해없음,보행자,여,74세,중상
4235,2020111000100500,2020년 11월 10일 17시,화요일,전라북도 김제시 백구면,중상사고,0,1,0,0,차대사람 - 횡단중,안전운전불이행,포장 - 건조,맑음,단일로 - 기타,화물,남,60세,상해없음,보행자,여,82세,중상
4236,2020111000100571,2020년 11월 10일 18시,화요일,전라북도 정읍시 수성동,중상사고,0,1,0,0,차대사람 - 횡단중,보행자보호의무위반,포장 - 건조,맑음,교차로 - 교차로안,승용,남,42세,상해없음,보행자,여,60세,중상
4237,2020111000100622,2020년 11월 10일 19시,화요일,전라북도 전주시 완산구 중화산동2가,중상사고,0,1,0,0,차대사람 - 횡단중,신호위반,포장 - 건조,맑음,교차로 - 교차로횡단보도내,이륜,남,50세,상해없음,보행자,여,65세,중상
4238,2020111000100659,2020년 11월 10일 20시,화요일,전라북도 익산시 여산면,중상사고,0,1,0,0,차대사람 - 기타,안전운전불이행,포장 - 건조,맑음,단일로 - 기타,승용,남,58세,상해없음,보행자,남,70세,중상
4239,2020111000100693,2020년 11월 10일 21시,화요일,전라북도 군산시 미룡동,경상사고,0,0,1,0,차대사람 - 보도통행중,안전운전불이행,포장 - 건조,맑음,교차로 - 교차로부근,승용,남,27세,상해없음,보행자,남,47세,경상
4240,2020111100100040,2020년 11월 11일 05시,수요일,전라북도 전주시 완산구 남노송동,사망사고,1,0,0,0,차대사람 - 차도통행중,안전운전불이행,포장 - 건조,맑음,기타 - 기타,화물,남,50세,상해없음,보행자,여,74세,사망
4241,2020111100100049,2020년 11월 11일 06시,수요일,전라북도 전주시 덕진구 산정동,중상사고,0,1,0,0,차대사람 - 횡단중,안전운전불이행,포장 - 건조,맑음,교차로 - 교차로안,승합,남,54세,상해없음,보행자,여,78세,중상
4242,2020111100100104,2020년 11월 11일 08시,수요일,전라북도 전주시 완산구 효자동1가,경상사고,0,0,1,0,차대사람 - 횡단중,보행자보호의무위반,포장 - 건조,맑음,단일로 - 기타,승용,남,62세,기타불명,보행자,남,10세,경상
4243,2020111100100154,2020년 11월 11일 09시,수요일,전라북도 군산시 삼학동,경상사고,0,0,1,0,차대사람 - 횡단중,보행자보호의무위반,포장 - 건조,맑음,교차로 - 교차로횡단보도내,승용,남,76세,상해없음,보행자,남,22세,경상
4244,2020111100100237,2020년 11월 11일 11시,수요일,전라북도 군산시 수송동,경상사고,0,0,1,0,차대사람 - 기타,안전운전불이행,포장 - 건조,맑음,교차로 - 교차로부근,승용,여,33세,상해없음,보행자,여,51세,경상
4245,2020111100100628,2020년 11월 11일 19시,수요일,전라북도 전주시 덕진구 우아동2가,중상사고,0,1,0,0,차대사람 - 횡단중,안전운전불이행,포장 - 건조,맑음,단일로 - 기타,승용,남,49세,상해없음,보행자,남,49세,중상
4246,2020111100100630,2020년 11월 11일 19시,수요일,전라북도 김제시 흥사동,사망사고,1,0,0,0,차대사람 - 횡단중,안전운전불이행,포장 - 건조,맑음,단일로 - 기타,화물,남,44세,상해없음,보행자,남,53세,사망
4247,2020111100100706,2020년 11월 11일 21시,수요일,전라북도 군산시 나운동,경상사고,0,0,1,0,차대사람 - 길가장자리구역통행중,안전운전불이행,포장 - 건조,맑음,기타 - 기타,승용,남,60세,상해없음,보행자,여,15세,경상
4248,2020111200100096,2020년 11월 12일 07시,목요일,전라북도 전주시 완산구 다가동3가,중상사고,0,1,0,0,차대사람 - 횡단중,보행자보호의무위반,포장 - 건조,맑음,단일로 - 기타,승용,여,45세,상해없음,보행자,여,64세,중상
4249,2020111200100413,2020년 11월 12일 16시,목요일,전라북도 전주시 완산구 서신동,경상사고,0,0,1,0,차대사람 - 기타,안전운전불이행,포장 - 건조,맑음,단일로 - 기타,승용,남,37세,기타불명,보행자,남,49세,경상
4250,2020111200100525,2020년 11월 12일 18시,목요일,전라북도 부안군 부안읍,중상사고,0,1,0,0,차대사람 - 차도통행중,안전운전불이행,포장 - 건조,맑음,교차로 - 교차로횡단보도내,승용,여,38세,상해없음,보행자,여,79세,중상
4251,2020111200100593,2020년 11월 12일 19시,목요일,전라북도 군산시 나운동,경상사고,0,0,1,0,차대사람 - 횡단중,보행자보호의무위반,포장 - 건조,맑음,교차로 - 교차로횡단보도내,승용,남,64세,상해없음,보행자,남,68세,경상
4252,2020111200100688,2020년 11월 12일 23시,목요일,전라북도 익산시 오산면,사망사고,1,0,0,0,차대사람 - 횡단중,과속,포장 - 건조,맑음,교차로 - 교차로횡단보도내,승용,남,56세,상해없음,보행자,남,53세,사망
4253,2020111300100062,2020년 11월 13일 06시,금요일,전라북도 전주시 덕진구 인후동1가,경상사고,0,0,1,0,차대사람 - 기타,안전운전불이행,포장 - 건조,맑음,교차로 - 교차로안,승용,남,35세,상해없음,보행자,남,51세,경상
4254,2020111300100158,2020년 11월 13일 09시,금요일,전라북도 남원시 운봉읍,중상사고,0,1,0,0,차대사람 - 기타,불법유턴,포장 - 건조,맑음,단일로 - 기타,화물,남,48세,상해없음,보행자,남,73세,중상
4255,2020111300100382,2020년 11월 13일 16시,금요일,전라북도 전주시 덕진구 덕진동1가,중상사고,0,1,0,0,차대사람 - 횡단중,안전운전불이행,포장 - 건조,맑음,단일로 - 기타,승용,여,57세,상해없음,보행자,남,90세,중상
4256,2020111300100429,2020년 11월 13일 17시,금요일,전라북도 전주시 덕진구 송천동1가,경상사고,0,0,1,0,차대사람 - 횡단중,안전운전불이행,포장 - 건조,맑음,교차로 - 교차로안,승용,여,38세,상해없음,보행자,여,58세,경상
4257,2020111400100072,2020년 11월 14일 04시,토요일,전라북도 김제시 금산면,사망사고,1,0,0,0,차대사람 - 기타,과속,포장 - 젖음/습기,안개,단일로 - 기타,화물,남,49세,상해없음,보행자,여,85세,사망
4258,2020111400100124,2020년 11월 14일 08시,토요일,전라북도 완주군 용진읍,중상사고,0,1,0,0,차대사람 - 기타,안전운전불이행,포장 - 건조,맑음,교차로 - 교차로안,승용,여,47세,상해없음,보행자,남,79세,중상
4259,2020111400100297,2020년 11월 14일 13시,토요일,전라북도 전주시 완산구 평화동1가,중상사고,0,1,0,0,차대사람 - 횡단중,보행자보호의무위반,포장 - 건조,맑음,교차로 - 교차로횡단보도내,승용,남,62세,상해없음,보행자,여,67세,중상
4260,2020111400100420,2020년 11월 14일 16시,토요일,전라북도 완주군 상관면,중상사고,0,1,0,0,차대사람 - 기타,안전운전불이행,포장 - 건조,맑음,단일로 - 기타,기타불명,기타불명,미분류,기타불명,보행자,여,84세,중상
4261,2020111400100580,2020년 11월 14일 20시,토요일,전라북도 익산시 영등동,경상사고,0,0,1,0,차대사람 - 차도통행중,안전운전불이행,포장 - 건조,맑음,교차로 - 교차로안,화물,남,47세,상해없음,보행자,남,70세,경상
4262,2020111400100618,2020년 11월 14일 22시,토요일,전라북도 전주시 완산구 효자동3가,경상사고,0,0,1,0,차대사람 - 횡단중,보행자보호의무위반,포장 - 건조,맑음,교차로 - 교차로횡단보도내,승용,여,57세,상해없음,보행자,남,41세,경상
4263,2020111600100109,2020년 11월 16일 08시,월요일,전라북도 전주시 덕진구 진북동,중상사고,0,1,0,0,차대사람 - 차도통행중,안전운전불이행,포장 - 건조,맑음,교차로 - 교차로안,승용,남,37세,상해없음,보행자,여,67세,중상
4264,2020111600100110,2020년 11월 16일 08시,월요일,전라북도 군산시 소룡동,경상사고,0,0,2,0,차대사람 - 기타,안전운전불이행,포장 - 건조,맑음,기타 - 기타,승용,여,22세,경상,보행자,남,17세,경상
4265,2020111600100458,2020년 11월 16일 17시,월요일,전라북도 고창군 고창읍,경상사고,0,0,1,0,차대사람 - 보도통행중,보행자보호의무위반,포장 - 건조,맑음,교차로 - 교차로횡단보도내,승용,여,55세,상해없음,보행자,남,55세,경상
4266,2020111600100519,2020년 11월 16일 18시,월요일,전라북도 전주시 덕진구 진북동,경상사고,0,0,1,0,차대사람 - 횡단중,중앙선침범,포장 - 건조,맑음,단일로 - 기타,승용,남,25세,상해없음,보행자,여,73세,경상
4267,2020111700100007,2020년 11월 17일 00시,화요일,전라북도 전주시 덕진구 인후동1가,경상사고,0,0,1,0,차대사람 - 횡단중,안전운전불이행,포장 - 건조,맑음,교차로 - 교차로횡단보도내,이륜,남,20세,상해없음,보행자,남,23세,경상
4268,2020111700100488,2020년 11월 17일 18시,화요일,전라북도 익산시 부송동,중상사고,0,1,0,0,차대사람 - 횡단중,신호위반,포장 - 건조,맑음,교차로 - 교차로안,승용,여,52세,상해없음,보행자,여,46세,중상
4269,2020111700100548,2020년 11월 17일 19시,화요일,전라북도 군산시 나운동,중상사고,0,1,0,0,차대사람 - 차도통행중,안전운전불이행,포장 - 젖음/습기,비,단일로 - 지하차도(도로)내,이륜,남,27세,상해없음,보행자,여,64세,중상
4270,2020111800100365,2020년 11월 18일 15시,수요일,전라북도 전주시 완산구 평화동1가,중상사고,0,1,0,0,차대사람 - 기타,안전운전불이행,포장 - 건조,맑음,교차로 - 교차로부근,승용,남,48세,상해없음,보행자,남,79세,중상
4271,2020111800100405,2020년 11월 18일 16시,수요일,전라북도 전주시 완산구 대성동,중상사고,0,1,0,0,차대사람 - 기타,안전운전불이행,포장 - 건조,맑음,교차로 - 교차로횡단보도내,승용,여,59세,상해없음,보행자,여,71세,중상
4272,2020111800100505,2020년 11월 18일 18시,수요일,전라북도 정읍시 시기동,사망사고,1,0,0,0,차대사람 - 횡단중,안전운전불이행,포장 - 젖음/습기,비,교차로 - 교차로부근,화물,남,51세,상해없음,보행자,여,83세,사망
4273,2020111900100037,2020년 11월 19일 02시,목요일,전라북도 익산시 어양동,경상사고,0,0,1,0,차대사람 - 횡단중,보행자보호의무위반,포장 - 건조,맑음,교차로 - 교차로안,승합,남,56세,상해없음,보행자,남,61세,경상
4274,2020111900100169,2020년 11월 19일 08시,목요일,전라북도 장수군 장계면,중상사고,0,1,0,0,차대사람 - 길가장자리구역통행중,안전운전불이행,포장 - 젖음/습기,흐림,단일로 - 기타,승용,남,49세,상해없음,보행자,남,68세,중상
4275,2020112000100152,2020년 11월 20일 09시,금요일,전라북도 전주시 덕진구 송천동1가,경상사고,0,0,1,0,차대사람 - 기타,안전운전불이행,포장 - 건조,맑음,교차로 - 교차로횡단보도내,승합,남,72세,상해없음,보행자,남,38세,경상
4276,2020112000100314,2020년 11월 20일 14시,금요일,전라북도 전주시 완산구 효자동3가,경상사고,0,0,1,0,차대사람 - 횡단중,신호위반,포장 - 건조,맑음,단일로 - 기타,승용,남,54세,상해없음,보행자,여,26세,경상
4277,2020112000100689,2020년 11월 20일 22시,금요일,전라북도 군산시 소룡동,경상사고,0,0,1,0,차대사람 - 횡단중,안전운전불이행,포장 - 건조,맑음,교차로 - 교차로횡단보도내,승용,남,44세,상해없음,보행자,여,48세,경상
4278,2020112100100098,2020년 11월 21일 07시,토요일,전라북도 군산시 월명동,중상사고,0,1,0,0,차대사람 - 횡단중,안전운전불이행,포장 - 건조,맑음,교차로 - 교차로횡단보도내,승용,남,51세,상해없음,보행자,여,77세,중상
4279,2020112100100160,2020년 11월 21일 10시,토요일,전라북도 부안군 변산면,중상사고,0,1,0,0,차대사람 - 차도통행중,안전운전불이행,포장 - 건조,맑음,교차로 - 교차로부근,승용,남,80세,상해없음,보행자,여,73세,중상
4280,2020112100100321,2020년 11월 21일 14시,토요일,전라북도 군산시 금암동,경상사고,0,0,1,0,차대사람 - 기타,안전운전불이행,포장 - 건조,맑음,기타 - 기타,화물,남,65세,상해없음,보행자,남,41세,경상
4281,2020112100100414,2020년 11월 21일 17시,토요일,전라북도 남원시 왕정동,경상사고,0,0,1,0,차대사람 - 보도통행중,안전운전불이행,포장 - 건조,맑음,단일로 - 기타,승용,남,73세,상해없음,보행자,남,66세,경상
4282,2020112200100087,2020년 11월 22일 06시,일요일,전라북도 익산시 창인동2가,경상사고,0,0,1,0,차대사람 - 횡단중,안전운전불이행,포장 - 젖음/습기,비,교차로 - 교차로부근,승용,남,51세,상해없음,보행자,여,70세,경상
4283,2020112300100360,2020년 11월 23일 15시,월요일,전라북도 김제시 요촌동,경상사고,0,0,1,0,차대사람 - 횡단중,안전운전불이행,포장 - 건조,맑음,단일로 - 지하차도(도로)내,이륜,남,78세,상해없음,보행자,여,20세,경상
4284,2020112300100500,2020년 11월 23일 18시,월요일,전라북도 남원시 노암동,경상사고,0,0,1,0,차대사람 - 기타,안전운전불이행,포장 - 건조,맑음,단일로 - 기타,승용,남,48세,상해없음,보행자,남,81세,경상
4285,2020112300100571,2020년 11월 23일 20시,월요일,전라북도 전주시 완산구 평화동2가,중상사고,0,1,0,0,차대사람 - 기타,안전운전불이행,포장 - 건조,맑음,교차로 - 교차로안,승용,남,55세,상해없음,보행자,남,56세,중상
4286,2020112400100424,2020년 11월 24일 17시,화요일,전라북도 전주시 덕진구 송천동2가,경상사고,0,0,1,0,차대사람 - 보도통행중,안전운전불이행,포장 - 건조,맑음,단일로 - 기타,기타불명,기타불명,미분류,기타불명,보행자,남,11세,경상
4287,2020112400100611,2020년 11월 24일 22시,화요일,전라북도 전주시 덕진구 금암동,경상사고,0,0,1,0,차대사람 - 횡단중,보행자보호의무위반,포장 - 건조,맑음,교차로 - 교차로횡단보도내,승용,남,23세,상해없음,보행자,여,28세,경상
4288,2020112500100039,2020년 11월 25일 06시,수요일,전라북도 정읍시 북면,사망사고,1,0,0,0,차대사람 - 길가장자리구역통행중,안전운전불이행,포장 - 건조,맑음,단일로 - 기타,승용,남,23세,상해없음,보행자,남,56세,사망
4289,2020112500100265,2020년 11월 25일 13시,수요일,전라북도 전주시 완산구 효자동1가,경상사고,0,0,1,0,차대사람 - 횡단중,보행자보호의무위반,포장 - 건조,맑음,교차로 - 교차로횡단보도내,승용,여,46세,상해없음,보행자,여,29세,경상
4290,2020112500100290,2020년 11월 25일 14시,수요일,전라북도 전주시 완산구 삼천동1가,중상사고,0,1,0,0,차대사람 - 기타,안전운전불이행,포장 - 건조,맑음,교차로 - 교차로부근,승용,여,62세,상해없음,보행자,여,93세,중상
4291,2020112500100377,2020년 11월 25일 16시,수요일,전라북도 남원시 왕정동,경상사고,0,0,1,0,차대사람 - 차도통행중,안전운전불이행,포장 - 건조,맑음,단일로 - 기타,승용,남,64세,상해없음,보행자,여,62세,경상
4292,2020112500100621,2020년 11월 25일 23시,수요일,전라북도 전주시 완산구 효자동3가,중상사고,0,1,1,0,차대사람 - 횡단중,보행자보호의무위반,포장 - 건조,맑음,교차로 - 교차로횡단보도내,승용,남,22세,상해없음,보행자,여,25세,중상
4293,2020112600100138,2020년 11월 26일 09시,목요일,전라북도 전주시 덕진구 화전동,사망사고,1,0,0,0,차대사람 - 횡단중,안전운전불이행,포장 - 건조,맑음,단일로 - 기타,승용,남,75세,상해없음,보행자,여,77세,사망
4294,2020112600100163,2020년 11월 26일 10시,목요일,전라북도 순창군 순창읍,경상사고,0,0,1,0,차대사람 - 기타,안전운전불이행,포장 - 건조,맑음,단일로 - 기타,승용,남,73세,상해없음,보행자,남,82세,경상
4295,2020112600100318,2020년 11월 26일 15시,목요일,전라북도 군산시 대야면,중상사고,0,1,0,0,차대사람 - 횡단중,보행자보호의무위반,포장 - 건조,맑음,교차로 - 교차로안,승합,남,49세,상해없음,보행자,여,61세,중상
4296,2020112700100465,2020년 11월 27일 18시,금요일,전라북도 김제시 금산면,경상사고,0,0,1,0,차대사람 - 기타,안전운전불이행,포장 - 건조,맑음,교차로 - 교차로안,승용,남,68세,상해없음,보행자,남,32세,경상
4297,2020112700100644,2020년 11월 27일 22시,금요일,전라북도 남원시 어현동,중상사고,0,2,0,0,차대사람 - 보도통행중,보행자보호의무위반,포장 - 건조,맑음,교차로 - 교차로횡단보도내,승용,남,28세,상해없음,보행자,남,52세,중상
4298,2020112800100046,2020년 11월 28일 06시,토요일,전라북도 무주군 설천면,사망사고,1,0,0,0,차대사람 - 횡단중,안전운전불이행,포장 - 건조,맑음,단일로 - 지하차도(도로)내,승용,남,62세,상해없음,보행자,남,75세,사망
4299,2020112800100562,2020년 11월 28일 22시,토요일,전라북도 군산시 삼학동,경상사고,0,0,1,0,차대사람 - 횡단중,안전운전불이행,포장 - 건조,맑음,단일로 - 기타,승용,여,51세,상해없음,보행자,남,61세,경상
4300,2020112900100010,2020년 11월 29일 00시,일요일,전라북도 부안군 변산면,경상사고,0,0,1,0,차대사람 - 기타,안전운전불이행,포장 - 건조,기타,단일로 - 기타,승용,남,48세,상해없음,보행자,남,19세,경상