,사고번호,사고일시,요일,시군구,사고내용,사망자수,중상자수,경상자수,부상신고자수,사고유형,법규위반,노면상태,기상상태,도로형태,가해운전자 차종,가해운전자 성별,가해운전자 연령,가해운전자 상해정도,피해운전자 차종,피해운전자 성별,피해운전자 연령,피해운전자 상해정도
140,2021030200100312,2021년 3월 2일 16시,화요일,전라북도 전주시 완산구 효자동1가,경상사고,0,0,1,0,차대사람 - 기타,안전운전불이행,포장 - 건조,맑음,교차로 - 교차로안,승용,여,53세,상해없음,보행자,여,8세,경상
141,2021030200100353,2021년 3월 2일 17시,화요일,전라북도 전주시 덕진구 인후동1가,중상사고,0,1,1,0,차대사람 - 횡단중,안전운전불이행,포장 - 건조,맑음,단일로 - 기타,이륜,남,28세,경상,보행자,여,15세,중상
142,2021030200100461,2021년 3월 2일 20시,화요일,전라북도 군산시 미룡동,경상사고,0,0,1,0,차대사람 - 횡단중,안전운전불이행,포장 - 건조,맑음,교차로 - 교차로안,승용,남,30세,기타불명,보행자,남,61세,경상
143,2021030300100283,2021년 3월 3일 14시,수요일,전라북도 남원시 산내면,중상사고,0,1,0,0,차대사람 - 길가장자리구역통행중,안전운전불이행,포장 - 건조,맑음,단일로 - 기타,건설기계,남,44세,상해없음,보행자,남,82세,중상
144,2021030300100433,2021년 3월 3일 19시,수요일,전라북도 전주시 완산구 서서학동,경상사고,0,0,1,0,차대사람 - 횡단중,보행자보호의무위반,포장 - 건조,맑음,교차로 - 교차로횡단보도내,화물,남,43세,상해없음,보행자,남,41세,경상
145,2021030400100344,2021년 3월 4일 18시,목요일,전라북도 전주시 덕진구 금암동,경상사고,0,0,1,0,차대사람 - 차도통행중,안전운전불이행,포장 - 젖음/습기,비,교차로 - 교차로부근,승용,남,65세,상해없음,보행자,여,27세,경상
146,2021030500100139,2021년 3월 5일 09시,금요일,전라북도 군산시 수송동,중상사고,0,1,1,0,차대사람 - 기타,안전운전불이행,포장 - 건조,맑음,기타 - 기타,승용,여,73세,상해없음,보행자,여,54세,중상
147,2021030500100142,2021년 3월 5일 09시,금요일,전라북도 정읍시 수성동,중상사고,0,1,0,0,차대사람 - 횡단중,신호위반,포장 - 건조,맑음,교차로 - 교차로안,이륜,남,23세,상해없음,보행자,여,64세,중상
148,2021030500100221,2021년 3월 5일 12시,금요일,전라북도 전주시 완산구 효자동1가,경상사고,0,0,1,0,차대사람 - 보도통행중,보행자보호의무위반,포장 - 건조,맑음,교차로 - 교차로횡단보도내,승용,여,56세,상해없음,보행자,여,36세,경상
149,2021030500100252,2021년 3월 5일 13시,금요일,전라북도 정읍시 시기동,중상사고,0,1,0,0,차대사람 - 횡단중,보행자보호의무위반,포장 - 건조,맑음,단일로 - 기타,화물,남,40세,상해없음,보행자,여,72세,중상
150,2021030500100486,2021년 3월 5일 19시,금요일,전라북도 전주시 완산구 서노송동,사망사고,1,0,0,0,차대사람 - 기타,중앙선침범,포장 - 건조,맑음,단일로 - 기타,승용,남,41세,상해없음,보행자,여,62세,사망
151,2021030500100605,2021년 3월 5일 23시,금요일,전라북도 익산시 동산동,중상사고,0,2,0,0,차대사람 - 횡단중,안전운전불이행,포장 - 건조,맑음,교차로 - 교차로부근,이륜,남,57세,중상,보행자,남,59세,중상
152,2021030600100400,2021년 3월 6일 19시,토요일,전라북도 남원시 도통동,사망사고,1,0,0,0,차대사람 - 횡단중,보행자보호의무위반,포장 - 건조,맑음,단일로 - 기타,화물,남,27세,상해없음,보행자,남,49세,사망
153,2021030700100251,2021년 3월 7일 17시,일요일,전라북도 군산시 미원동,중상사고,0,1,0,0,차대사람 - 횡단중,보행자보호의무위반,포장 - 건조,맑음,단일로 - 기타,승합,여,60세,상해없음,보행자,남,74세,중상
154,2021030800100153,2021년 3월 8일 09시,월요일,전라북도 전주시 덕진구 금암동,경상사고,0,0,1,0,차대사람 - 길가장자리구역통행중,안전운전불이행,포장 - 건조,맑음,교차로 - 교차로부근,화물,남,66세,상해없음,보행자,남,21세,경상
155,2021030800100200,2021년 3월 8일 11시,월요일,전라북도 고창군 해리면,중상사고,0,1,0,0,차대사람 - 기타,안전운전불이행,포장 - 건조,맑음,단일로 - 기타,화물,남,51세,상해없음,보행자,남,83세,중상
156,2021030800100265,2021년 3월 8일 13시,월요일,전라북도 군산시 조촌동,경상사고,0,0,1,0,차대사람 - 기타,안전운전불이행,포장 - 건조,맑음,교차로 - 교차로안,승용,여,51세,상해없음,보행자,여,84세,경상
157,2021030800100581,2021년 3월 8일 22시,월요일,전라북도 전주시 덕진구 우아동3가,경상사고,0,0,1,0,차대사람 - 횡단중,보행자보호의무위반,포장 - 건조,맑음,단일로 - 기타,승용,남,56세,상해없음,보행자,여,26세,경상
158,2021030900100125,2021년 3월 9일 10시,화요일,전라북도 군산시 조촌동,사망사고,1,0,0,0,차대사람 - 보도통행중,기타,포장 - 건조,맑음,단일로 - 지하차도(도로)내,화물,남,48세,상해없음,보행자,여,87세,사망
159,2021030900100160,2021년 3월 9일 11시,화요일,전라북도 장수군 계남면,중상사고,0,1,0,0,차대사람 - 기타,안전운전불이행,포장 - 건조,맑음,교차로 - 교차로부근,승용,남,62세,상해없음,보행자,남,68세,중상
160,2021030900100219,2021년 3월 9일 13시,화요일,전라북도 김제시 요촌동,중상사고,0,1,0,0,차대사람 - 차도통행중,보행자보호의무위반,포장 - 건조,맑음,교차로 - 교차로안,화물,남,76세,상해없음,보행자,여,20세,중상
161,2021030900100512,2021년 3월 9일 23시,화요일,전라북도 익산시 영등동,중상사고,0,1,0,0,차대사람 - 차도통행중,안전운전불이행,포장 - 건조,맑음,단일로 - 기타,승용,여,27세,상해없음,보행자,남,61세,중상
162,2021031000100243,2021년 3월 10일 13시,수요일,전라북도 정읍시 시기동,중상사고,0,1,0,0,차대사람 - 차도통행중,안전운전불이행,포장 - 건조,맑음,단일로 - 기타,승용,여,64세,상해없음,보행자,여,83세,중상
163,2021031000100330,2021년 3월 10일 15시,수요일,전라북도 전주시 완산구 효자동3가,경상사고,0,0,1,0,차대사람 - 보도통행중,기타,포장 - 건조,맑음,단일로 - 기타,개인형이동수단(PM),여,18세,상해없음,보행자,여,20세,경상
164,2021031000100365,2021년 3월 10일 16시,수요일,전라북도 군산시 나운동,경상사고,0,0,1,0,차대사람 - 횡단중,중앙선침범,포장 - 건조,맑음,교차로 - 교차로부근,승용,남,77세,상해없음,보행자,여,18세,경상
165,2021031000100405,2021년 3월 10일 17시,수요일,전라북도 완주군 봉동읍,경상사고,0,0,1,0,차대사람 - 횡단중,보행자보호의무위반,포장 - 건조,맑음,교차로 - 교차로횡단보도내,화물,남,62세,상해없음,보행자,여,55세,경상
166,2021031000100441,2021년 3월 10일 18시,수요일,전라북도 전주시 덕진구 인후동1가,경상사고,0,0,1,0,차대사람 - 횡단중,보행자보호의무위반,포장 - 건조,맑음,교차로 - 교차로안,승용,남,74세,상해없음,보행자,여,58세,경상
167,2021031000100479,2021년 3월 10일 19시,수요일,전라북도 전주시 완산구 서완산동1가,경상사고,0,0,1,0,차대사람 - 기타,안전운전불이행,포장 - 건조,맑음,기타 - 기타,이륜,남,62세,상해없음,보행자,여,70세,경상
168,2021031100100091,2021년 3월 11일 08시,목요일,전라북도 군산시 대명동,경상사고,0,0,1,0,차대사람 - 길가장자리구역통행중,안전운전불이행,포장 - 건조,맑음,단일로 - 기타,승용,남,73세,상해없음,보행자,여,53세,경상
169,2021031100100166,2021년 3월 11일 11시,목요일,전라북도 군산시 임피면,경상사고,0,0,1,0,차대사람 - 길가장자리구역통행중,안전운전불이행,포장 - 건조,맑음,단일로 - 기타,승용,여,50세,상해없음,보행자,여,19세,경상
170,2021031100100286,2021년 3월 11일 15시,목요일,전라북도 군산시 대야면,경상사고,0,0,2,0,차대사람 - 길가장자리구역통행중,안전운전불이행,포장 - 건조,맑음,단일로 - 기타,승용,남,74세,상해없음,보행자,남,49세,경상
171,2021031200100192,2021년 3월 12일 12시,금요일,전라북도 군산시 수송동,경상사고,0,0,1,0,차대사람 - 길가장자리구역통행중,안전운전불이행,포장 - 젖음/습기,비,단일로 - 기타,승용,남,57세,상해없음,보행자,여,63세,경상
172,2021031200100331,2021년 3월 12일 16시,금요일,전라북도 남원시 도통동,경상사고,0,0,1,0,차대사람 - 기타,안전운전불이행,포장 - 젖음/습기,비,교차로 - 교차로안,승용,여,33세,상해없음,보행자,여,55세,경상
173,2021031200100467,2021년 3월 12일 19시,금요일,전라북도 전주시 완산구 삼천동2가,경상사고,0,0,1,0,차대사람 - 차도통행중,안전운전불이행,포장 - 젖음/습기,비,단일로 - 기타,승용,남,29세,상해없음,보행자,남,47세,경상
174,2021031200100468,2021년 3월 12일 19시,금요일,전라북도 전주시 덕진구 진북동,중상사고,0,1,0,0,차대사람 - 횡단중,중앙선침범,포장 - 젖음/습기,흐림,교차로 - 교차로안,승용,남,24세,상해없음,보행자,남,78세,중상
175,2021031200100519,2021년 3월 12일 20시,금요일,전라북도 익산시 신동,경상사고,0,0,1,0,차대사람 - 횡단중,보행자보호의무위반,포장 - 건조,맑음,교차로 - 교차로횡단보도내,승용,남,27세,상해없음,보행자,여,26세,경상
176,2021031200100555,2021년 3월 12일 21시,금요일,전라북도 전주시 덕진구 여의동2가,경상사고,0,0,1,0,차대사람 - 횡단중,보행자보호의무위반,포장 - 건조,맑음,교차로 - 교차로안,승용,남,35세,상해없음,보행자,여,31세,경상
177,2021031300100021,2021년 3월 13일 01시,토요일,전라북도 전주시 완산구 중화산동1가,경상사고,0,0,1,0,차대사람 - 기타,불법유턴,포장 - 건조,맑음,단일로 - 기타,승용,남,75세,상해없음,보행자,남,19세,경상
178,2021031300100193,2021년 3월 13일 12시,토요일,전라북도 군산시 금광동,경상사고,0,0,1,0,차대사람 - 기타,안전운전불이행,포장 - 기타,맑음,단일로 - 기타,승용,남,75세,기타불명,보행자,남,34세,경상
179,2021031300100403,2021년 3월 13일 18시,토요일,전라북도 전주시 덕진구 인후동1가,경상사고,0,0,1,0,차대사람 - 기타,안전운전불이행,포장 - 건조,맑음,교차로 - 교차로부근,자전거,남,65세,상해없음,보행자,여,37세,경상
180,2021031400100326,2021년 3월 14일 19시,일요일,전라북도 전주시 완산구 서서학동,경상사고,0,0,1,0,차대사람 - 횡단중,신호위반,포장 - 건조,맑음,교차로 - 교차로횡단보도내,이륜,남,66세,상해없음,보행자,남,10세,경상
181,2021031400100343,2021년 3월 14일 20시,일요일,전라북도 익산시 남중동,중상사고,0,1,0,0,차대사람 - 기타,안전운전불이행,포장 - 건조,맑음,교차로 - 교차로안,승용,남,61세,상해없음,보행자,남,58세,중상
182,2021031400100395,2021년 3월 14일 22시,일요일,전라북도 익산시 동산동,중상사고,0,1,1,0,차대사람 - 차도통행중,안전운전불이행,포장 - 건조,맑음,교차로 - 교차로안,승용,남,65세,상해없음,보행자,남,60세,중상
183,2021031500100301,2021년 3월 15일 15시,월요일,전라북도 전주시 덕진구 진북동,경상사고,0,0,1,0,차대사람 - 횡단중,보행자보호의무위반,포장 - 건조,맑음,교차로 - 교차로횡단보도내,승용,남,41세,상해없음,보행자,여,70세,경상
184,2021031500100425,2021년 3월 15일 18시,월요일,전라북도 익산시 부송동,경상사고,0,0,1,0,차대사람 - 횡단중,보행자보호의무위반,포장 - 건조,맑음,교차로 - 교차로횡단보도내,승용,여,37세,상해없음,보행자,남,72세,경상
185,2021031600100213,2021년 3월 16일 11시,화요일,전라북도 부안군 보안면,경상사고,0,0,1,0,차대사람 - 횡단중,안전운전불이행,포장 - 건조,맑음,교차로 - 교차로안,화물,남,55세,상해없음,보행자,남,45세,경상
186,2021031600100273,2021년 3월 16일 13시,화요일,전라북도 전주시 덕진구 송천동1가,중상사고,0,2,0,0,차대사람 - 보도통행중,기타,포장 - 건조,맑음,단일로 - 기타,승용,남,57세,상해없음,보행자,여,69세,중상
187,2021031600100452,2021년 3월 16일 18시,화요일,전라북도 전주시 덕진구 여의동2가,경상사고,0,0,1,0,차대사람 - 횡단중,안전운전불이행,포장 - 건조,맑음,단일로 - 기타,이륜,남,35세,상해없음,보행자,여,75세,경상
188,2021031700100057,2021년 3월 17일 07시,수요일,전라북도 남원시 향교동,경상사고,0,0,1,0,차대사람 - 기타,안전운전불이행,포장 - 건조,맑음,단일로 - 기타,승용,여,25세,기타불명,보행자,남,16세,경상
189,2021031700100112,2021년 3월 17일 09시,수요일,전라북도 전주시 완산구 서노송동,중상사고,0,1,0,0,차대사람 - 횡단중,안전운전불이행,포장 - 건조,맑음,교차로 - 교차로횡단보도내,승용,여,54세,상해없음,보행자,여,78세,중상
190,2021031700100140,2021년 3월 17일 10시,수요일,전라북도 정읍시 옹동면,경상사고,0,0,1,0,차대사람 - 차도통행중,안전운전불이행,포장 - 건조,맑음,교차로 - 교차로안,화물,남,51세,상해없음,보행자,여,78세,경상
191,2021031700100269,2021년 3월 17일 14시,수요일,전라북도 장수군 번암면,사망사고,1,0,0,0,차대사람 - 보도통행중,기타,포장 - 건조,맑음,단일로 - 기타,화물,남,61세,상해없음,보행자,여,46세,사망
192,2021031700100463,2021년 3월 17일 19시,수요일,전라북도 군산시 중앙로1가,중상사고,0,1,0,0,차대사람 - 차도통행중,안전운전불이행,포장 - 건조,맑음,단일로 - 지하차도(도로)내,승용,남,44세,상해없음,보행자,남,51세,중상
193,2021031700100560,2021년 3월 17일 22시,수요일,전라북도 익산시 남중동,경상사고,0,0,1,0,차대사람 - 횡단중,안전운전불이행,포장 - 건조,맑음,교차로 - 교차로안,승용,남,39세,상해없음,보행자,남,38세,경상
194,2021031800100263,2021년 3월 18일 14시,목요일,전라북도 전주시 완산구 효자동1가,경상사고,0,0,1,0,차대사람 - 기타,안전운전불이행,포장 - 건조,맑음,단일로 - 기타,승용,여,63세,상해없음,보행자,여,7세,경상
195,2021031900100144,2021년 3월 19일 10시,금요일,전라북도 전주시 덕진구 덕진동2가,중상사고,0,1,0,0,차대사람 - 횡단중,보행자보호의무위반,포장 - 건조,맑음,교차로 - 교차로횡단보도내,특수,남,29세,상해없음,보행자,여,67세,중상
196,2021031900100213,2021년 3월 19일 12시,금요일,전라북도 군산시 나운동,경상사고,0,0,1,0,차대사람 - 기타,안전운전불이행,포장 - 건조,맑음,교차로 - 교차로안,승용,여,48세,상해없음,보행자,남,41세,경상
197,2021031900100504,2021년 3월 19일 19시,금요일,전라북도 전주시 덕진구 진북동,중상사고,0,1,0,0,차대사람 - 횡단중,안전운전불이행,포장 - 건조,맑음,단일로 - 기타,이륜,남,25세,상해없음,보행자,여,78세,중상
198,2021031900100656,2021년 3월 19일 23시,금요일,전라북도 익산시 인화동2가,경상사고,0,0,1,0,차대사람 - 기타,안전운전불이행,포장 - 건조,맑음,단일로 - 기타,승용,남,63세,상해없음,보행자,남,25세,경상
199,2021032000100036,2021년 3월 20일 05시,토요일,전라북도 전주시 완산구 중화산동2가,경상사고,0,0,1,0,차대사람 - 차도통행중,안전운전불이행,포장 - 젖음/습기,비,교차로 - 교차로부근,승용,남,39세,상해없음,보행자,여,23세,경상
200,2021032000100399,2021년 3월 20일 19시,토요일,전라북도 김제시 검산동,경상사고,0,0,1,0,차대사람 - 차도통행중,신호위반,포장 - 건조,맑음,교차로 - 교차로안,승용,남,49세,상해없음,보행자,남,70세,경상
201,2021032000100436,2021년 3월 20일 20시,토요일,전라북도 전주시 완산구 중노송동,경상사고,0,0,1,0,차대사람 - 횡단중,안전운전불이행,포장 - 건조,맑음,단일로 - 기타,승용,남,62세,상해없음,보행자,여,73세,경상
202,2021032000100437,2021년 3월 20일 20시,토요일,전라북도 정읍시 수성동,경상사고,0,0,2,0,차대사람 - 횡단중,보행자보호의무위반,포장 - 젖음/습기,흐림,교차로 - 교차로안,승용,남,59세,상해없음,보행자,남,8세,경상
203,2021032200100187,2021년 3월 22일 11시,월요일,전라북도 익산시 마동,경상사고,0,0,1,0,차대사람 - 횡단중,안전운전불이행,포장 - 건조,맑음,교차로 - 교차로안,승용,여,56세,상해없음,보행자,여,72세,경상
204,2021032200100217,2021년 3월 22일 12시,월요일,전라북도 전주시 덕진구 금암동,경상사고,0,0,1,0,차대사람 - 차도통행중,안전운전불이행,포장 - 건조,맑음,교차로 - 교차로안,승용,남,73세,상해없음,보행자,여,41세,경상
205,2021032300100161,2021년 3월 23일 11시,화요일,전라북도 익산시 영등동,경상사고,0,0,1,0,차대사람 - 횡단중,보행자보호의무위반,포장 - 건조,맑음,단일로 - 기타,승용,남,23세,상해없음,보행자,남,53세,경상
206,2021032300100346,2021년 3월 23일 16시,화요일,전라북도 전주시 완산구 서신동,경상사고,0,0,1,0,차대사람 - 횡단중,기타,포장 - 건조,맑음,교차로 - 교차로횡단보도내,승용,여,47세,상해없음,보행자,남,6세,경상
207,2021032300100437,2021년 3월 23일 18시,화요일,전라북도 정읍시 연지동,경상사고,0,0,1,0,차대사람 - 횡단중,중앙선침범,포장 - 건조,맑음,단일로 - 지하차도(도로)내,승용,남,54세,상해없음,보행자,남,77세,경상
208,2021032400100030,2021년 3월 24일 05시,수요일,전라북도 전주시 완산구 효자동1가,중상사고,0,1,0,0,차대사람 - 횡단중,보행자보호의무위반,포장 - 건조,맑음,교차로 - 교차로부근,승용,남,51세,상해없음,보행자,남,69세,중상
209,2021032400100313,2021년 3월 24일 15시,수요일,전라북도 남원시 왕정동,중상사고,0,1,0,0,차대사람 - 차도통행중,안전운전불이행,포장 - 기타,맑음,교차로 - 교차로안,승용,여,49세,기타불명,보행자,여,70세,중상
210,2021032400100343,2021년 3월 24일 16시,수요일,전라북도 김제시 검산동,중상사고,0,1,0,0,차대사람 - 횡단중,보행자보호의무위반,포장 - 건조,맑음,교차로 - 교차로부근,승용,여,43세,상해없음,보행자,남,9세,중상
211,2021032400100344,2021년 3월 24일 16시,수요일,전라북도 부안군 부안읍,경상사고,0,0,1,0,차대사람 - 차도통행중,안전운전불이행,포장 - 건조,맑음,단일로 - 지하차도(도로)내,화물,여,62세,상해없음,보행자,남,64세,경상
212,2021032400100429,2021년 3월 24일 18시,수요일,전라북도 전주시 덕진구 인후동2가,경상사고,0,0,1,0,차대사람 - 보도통행중,기타,포장 - 건조,맑음,교차로 - 교차로안,승용,남,66세,상해없음,보행자,여,80세,경상
213,2021032400100430,2021년 3월 24일 18시,수요일,전라북도 전주시 덕진구 여의동2가,경상사고,0,0,1,0,차대사람 - 횡단중,안전운전불이행,포장 - 건조,맑음,교차로 - 교차로부근,승용,여,37세,기타불명,보행자,남,9세,경상
214,2021032500100087,2021년 3월 25일 08시,목요일,전라북도 전주시 완산구 효자동2가,중상사고,0,1,0,0,차대사람 - 횡단중,보행자보호의무위반,포장 - 건조,맑음,교차로 - 교차로횡단보도내,승용,남,57세,상해없음,보행자,여,34세,중상
215,2021032500100175,2021년 3월 25일 11시,목요일,전라북도 무주군 무주읍,경상사고,0,0,1,0,차대사람 - 차도통행중,안전운전불이행,포장 - 건조,맑음,단일로 - 고가도로위,승용,여,48세,상해없음,보행자,남,97세,경상
216,2021032500100401,2021년 3월 25일 17시,목요일,전라북도 전주시 덕진구 송천동1가,경상사고,0,0,1,0,차대사람 - 보도통행중,기타,포장 - 건조,맑음,단일로 - 기타,승용,남,55세,상해없음,보행자,남,28세,경상
217,2021032600100086,2021년 3월 26일 08시,금요일,전라북도 전주시 완산구 효자동1가,중상사고,0,1,0,0,차대사람 - 횡단중,신호위반,포장 - 건조,맑음,교차로 - 교차로횡단보도내,승용,남,60세,상해없음,보행자,여,74세,중상
218,2021032700100071,2021년 3월 27일 07시,토요일,전라북도 임실군 오수면,중상사고,0,1,1,0,차대사람 - 기타,기타,포장 - 건조,맑음,교차로 - 교차로안,승용,남,73세,상해없음,보행자,남,93세,중상
219,2021032700100082,2021년 3월 27일 08시,토요일,전라북도 전주시 덕진구 송천동1가,경상사고,0,0,1,0,차대사람 - 기타,교차로운행방법위반,포장 - 건조,맑음,교차로 - 교차로부근,승합,여,51세,상해없음,보행자,남,82세,경상
220,2021032700100229,2021년 3월 27일 13시,토요일,전라북도 익산시 망성면,경상사고,0,0,1,0,차대사람 - 기타,안전운전불이행,비포장 - 건조,맑음,기타 - 기타,승용,남,58세,상해없음,보행자,여,81세,경상
221,2021032700100452,2021년 3월 27일 18시,토요일,전라북도 군산시 미원동,사망사고,1,0,0,0,차대사람 - 횡단중,과속,포장 - 젖음/습기,비,교차로 - 교차로안,승용,남,21세,상해없음,보행자,여,55세,사망
222,2021032700100627,2021년 3월 27일 22시,토요일,전라북도 김제시 신풍동,중상사고,0,1,0,0,차대사람 - 횡단중,안전운전불이행,포장 - 젖음/습기,비,교차로 - 교차로안,승용,여,34세,상해없음,보행자,여,20세,중상
223,2021032800100401,2021년 3월 28일 21시,일요일,전라북도 익산시 영등동,경상사고,0,0,1,0,차대사람 - 기타,안전운전불이행,포장 - 건조,맑음,교차로 - 교차로안,승용,남,45세,상해없음,보행자,남,35세,경상
224,2021032800100423,2021년 3월 28일 22시,일요일,전라북도 전주시 덕진구 송천동2가,중상사고,0,1,0,0,차대사람 - 횡단중,안전운전불이행,포장 - 건조,맑음,단일로 - 기타,승용,여,48세,상해없음,보행자,남,49세,중상
225,2021032800100424,2021년 3월 28일 22시,일요일,전라북도 익산시 영등동,중상사고,0,1,0,0,차대사람 - 횡단중,보행자보호의무위반,포장 - 건조,맑음,교차로 - 교차로횡단보도내,승용,남,28세,상해없음,보행자,남,44세,중상
226,2021032900100581,2021년 3월 29일 22시,월요일,전라북도 전주시 덕진구 산정동,경상사고,0,0,1,0,차대사람 - 길가장자리구역통행중,안전운전불이행,포장 - 건조,맑음,단일로 - 기타,승용,남,61세,상해없음,보행자,여,15세,경상
227,2021033000100178,2021년 3월 30일 10시,화요일,전라북도 익산시 남중동,경상사고,0,0,1,0,차대사람 - 차도통행중,안전운전불이행,포장 - 건조,맑음,단일로 - 기타,승용,남,41세,상해없음,보행자,남,80세,경상
228,2021033000100213,2021년 3월 30일 11시,화요일,전라북도 군산시 수송동,경상사고,0,0,1,0,차대사람 - 기타,안전운전불이행,포장 - 건조,맑음,단일로 - 기타,화물,남,48세,상해없음,보행자,여,59세,경상
229,2021033000100346,2021년 3월 30일 15시,화요일,전라북도 전주시 완산구 효자동2가,경상사고,0,0,1,0,차대사람 - 횡단중,보행자보호의무위반,포장 - 건조,맑음,교차로 - 교차로횡단보도내,승용,여,58세,상해없음,보행자,남,23세,경상
230,2021033000100422,2021년 3월 30일 17시,화요일,전라북도 전주시 완산구 효자동1가,경상사고,0,0,1,0,차대사람 - 기타,안전운전불이행,포장 - 건조,맑음,단일로 - 기타,이륜,남,58세,상해없음,보행자,여,74세,경상
231,2021033000100424,2021년 3월 30일 17시,화요일,전라북도 익산시 부송동,경상사고,0,0,1,0,차대사람 - 횡단중,보행자보호의무위반,포장 - 건조,맑음,교차로 - 교차로횡단보도내,승용,남,27세,기타불명,보행자,여,65세,경상
232,2021033100100182,2021년 3월 31일 11시,수요일,전라북도 전주시 완산구 삼천동1가,경상사고,0,0,2,0,차대사람 - 횡단중,안전운전불이행,포장 - 건조,맑음,교차로 - 교차로안,화물,남,41세,상해없음,보행자,여,29세,경상
233,2021040100100161,2021년 4월 1일 10시,목요일,전라북도 정읍시 시기동,중상사고,0,1,0,0,차대사람 - 차도통행중,안전운전불이행,포장 - 건조,맑음,교차로 - 교차로안,화물,남,47세,상해없음,보행자,여,84세,중상
234,2021040100100162,2021년 4월 1일 10시,목요일,전라북도 임실군 임실읍,사망사고,1,0,0,0,차대사람 - 횡단중,안전운전불이행,포장 - 건조,맑음,단일로 - 지하차도(도로)내,승용,여,58세,상해없음,보행자,여,84세,사망
235,2021040100100351,2021년 4월 1일 15시,목요일,전라북도 군산시 중앙로1가,중상사고,0,1,0,0,차대사람 - 보도통행중,보행자보호의무위반,포장 - 건조,맑음,교차로 - 교차로안,승합,남,67세,상해없음,보행자,여,62세,중상
236,2021040100100526,2021년 4월 1일 19시,목요일,전라북도 전주시 덕진구 금암동,중상사고,0,1,0,0,차대사람 - 기타,안전운전불이행,포장 - 건조,맑음,단일로 - 기타,승합,남,59세,상해없음,보행자,여,77세,중상
237,2021040200100370,2021년 4월 2일 16시,금요일,전라북도 전주시 완산구 서신동,중상사고,0,1,0,0,차대사람 - 횡단중,보행자보호의무위반,포장 - 건조,맑음,교차로 - 교차로횡단보도내,승용,여,31세,상해없음,보행자,남,8세,중상
238,2021040200100510,2021년 4월 2일 19시,금요일,전라북도 김제시 양전동,중상사고,0,1,0,0,차대사람 - 횡단중,안전운전불이행,포장 - 건조,맑음,단일로 - 기타,승용,여,54세,상해없음,보행자,여,63세,중상
239,2021040200100588,2021년 4월 2일 21시,금요일,전라북도 익산시 영등동,경상사고,0,0,1,0,차대사람 - 차도통행중,안전운전불이행,포장 - 건조,맑음,교차로 - 교차로안,이륜,남,64세,상해없음,보행자,남,33세,경상
240,2021040300100074,2021년 4월 3일 08시,토요일,전라북도 남원시 왕정동,중상사고,0,1,0,0,차대사람 - 횡단중,안전운전불이행,포장 - 건조,맑음,교차로 - 교차로부근,화물,남,56세,상해없음,보행자,여,55세,중상
241,2021040300100113,2021년 4월 3일 10시,토요일,전라북도 군산시 회현면,경상사고,0,0,1,0,차대사람 - 길가장자리구역통행중,안전운전불이행,포장 - 젖음/습기,비,단일로 - 기타,승용,남,75세,상해없음,보행자,남,67세,경상
242,2021040300100145,2021년 4월 3일 11시,토요일,전라북도 전주시 덕진구 인후동1가,경상사고,0,0,1,0,차대사람 - 기타,안전운전불이행,포장 - 젖음/습기,비,교차로 - 교차로안,승용,남,65세,상해없음,보행자,남,47세,경상
243,2021040300100339,2021년 4월 3일 16시,토요일,전라북도 전주시 완산구 효자동2가,경상사고,0,0,1,0,차대사람 - 차도통행중,안전운전불이행,포장 - 젖음/습기,흐림,단일로 - 기타,승용,남,56세,상해없음,보행자,남,40세,경상
244,2021040300100451,2021년 4월 3일 19시,토요일,전라북도 군산시 경장동,중상사고,0,1,1,0,차대사람 - 횡단중,신호위반,포장 - 젖음/습기,비,교차로 - 교차로안,이륜,남,57세,경상,보행자,남,58세,중상
245,2021040300100452,2021년 4월 3일 19시,토요일,전라북도 정읍시 상동,중상사고,0,1,0,0,차대사람 - 횡단중,보행자보호의무위반,포장 - 젖음/습기,비,교차로 - 교차로횡단보도내,승용,여,47세,상해없음,보행자,여,72세,중상
246,2021040300100536,2021년 4월 3일 21시,토요일,전라북도 전주시 덕진구 인후동2가,중상사고,0,1,0,0,차대사람 - 횡단중,신호위반,포장 - 젖음/습기,비,교차로 - 교차로횡단보도내,이륜,남,25세,상해없음,보행자,여,66세,중상
247,2021040300100588,2021년 4월 3일 22시,토요일,전라북도 전주시 완산구 평화동2가,중상사고,0,1,0,0,차대사람 - 횡단중,보행자보호의무위반,포장 - 젖음/습기,비,교차로 - 교차로안,승용,여,49세,상해없음,보행자,여,61세,중상
248,2021040400100153,2021년 4월 4일 13시,일요일,전라북도 전주시 완산구 삼천동2가,경상사고,0,0,1,0,차대사람 - 기타,기타,포장 - 건조,맑음,단일로 - 기타,기타불명,기타불명,미분류,기타불명,보행자,여,26세,경상
249,2021040400100335,2021년 4월 4일 19시,일요일,전라북도 군산시 산북동,경상사고,0,0,1,0,차대사람 - 기타,안전운전불이행,포장 - 건조,맑음,단일로 - 기타,승용,남,73세,상해없음,보행자,남,42세,경상
250,2021040400100405,2021년 4월 4일 22시,일요일,전라북도 전주시 완산구 삼천동1가,중상사고,0,1,1,0,차대사람 - 횡단중,보행자보호의무위반,포장 - 건조,맑음,교차로 - 교차로횡단보도내,화물,남,27세,상해없음,보행자,남,32세,중상