,사고번호,사고일시,요일,시군구,사고내용,사망자수,중상자수,경상자수,부상신고자수,사고유형,법규위반,노면상태,기상상태,도로형태,가해운전자 차종,가해운전자 성별,가해운전자 연령,가해운전자 상해정도,피해운전자 차종,피해운전자 성별,피해운전자 연령,피해운전자 상해정도
473,2021061400100098,2021년 6월 14일 08시,월요일,전라북도 익산시 부송동,경상사고,0,0,1,0,차대사람 - 보도통행중,안전운전불이행,포장 - 건조,맑음,교차로 - 교차로부근,승용,남,50세,상해없음,보행자,남,14세,경상
474,2021061400100238,2021년 6월 14일 12시,월요일,전라북도 정읍시 수성동,중상사고,0,1,0,0,차대사람 - 횡단중,보행자보호의무위반,포장 - 건조,맑음,단일로 - 기타,승용,남,73세,상해없음,보행자,여,52세,중상
475,2021061500100084,2021년 6월 15일 08시,화요일,전라북도 정읍시 수성동,중상사고,0,1,0,0,차대사람 - 횡단중,안전운전불이행,포장 - 건조,맑음,교차로 - 교차로안,승용,여,43세,상해없음,보행자,여,74세,중상
476,2021061500100252,2021년 6월 15일 13시,화요일,전라북도 정읍시 수성동,경상사고,0,0,1,0,차대사람 - 횡단중,안전운전불이행,포장 - 젖음/습기,비,교차로 - 교차로부근,승용,남,56세,상해없음,보행자,남,62세,경상
477,2021061500100326,2021년 6월 15일 15시,화요일,전라북도 익산시 부송동,경상사고,0,0,1,0,차대사람 - 횡단중,안전운전불이행,포장 - 젖음/습기,비,교차로 - 교차로횡단보도내,승용,여,56세,상해없음,보행자,여,14세,경상
478,2021061500100488,2021년 6월 15일 19시,화요일,전라북도 전주시 덕진구 송천동1가,중상사고,0,1,0,0,차대사람 - 횡단중,보행자보호의무위반,포장 - 건조,맑음,교차로 - 교차로부근,승용,여,45세,상해없음,보행자,남,52세,중상
479,2021061500100539,2021년 6월 15일 21시,화요일,전라북도 전주시 완산구 서신동,경상사고,0,0,1,0,차대사람 - 횡단중,안전운전불이행,포장 - 젖음/습기,비,교차로 - 교차로안,승합,남,37세,상해없음,보행자,여,53세,경상
480,2021061700100357,2021년 6월 17일 16시,목요일,전라북도 전주시 완산구 서신동,중상사고,0,1,1,0,차대사람 - 기타,안전운전불이행,포장 - 건조,맑음,교차로 - 교차로안,승용,여,49세,상해없음,보행자,여,37세,중상
481,2021061700100392,2021년 6월 17일 17시,목요일,전라북도 익산시 어양동,경상사고,0,0,1,0,차대사람 - 횡단중,보행자보호의무위반,포장 - 건조,맑음,교차로 - 교차로안,승용,남,40세,상해없음,보행자,남,6세,경상
482,2021061800100233,2021년 6월 18일 13시,금요일,전라북도 전주시 덕진구 금암동,중상사고,0,1,0,0,차대사람 - 차도통행중,안전운전불이행,포장 - 젖음/습기,비,단일로 - 기타,승용,남,38세,상해없음,보행자,여,59세,중상
483,2021061800100290,2021년 6월 18일 15시,금요일,전라북도 완주군 소양면,사망사고,1,0,0,0,차대사람 - 차도통행중,안전운전불이행,포장 - 젖음/습기,흐림,단일로 - 기타,화물,남,56세,상해없음,보행자,여,58세,사망
484,2021061800100497,2021년 6월 18일 20시,금요일,전라북도 정읍시 상동,중상사고,0,1,0,0,차대사람 - 횡단중,안전운전불이행,포장 - 건조,맑음,단일로 - 기타,승용,여,40세,상해없음,보행자,남,7세,중상
485,2021062100100100,2021년 6월 21일 08시,월요일,전라북도 익산시 신동,중상사고,0,1,0,0,차대사람 - 횡단중,안전운전불이행,포장 - 건조,맑음,기타 - 기타,승용,남,51세,상해없음,보행자,여,70세,중상
486,2021062100100357,2021년 6월 21일 15시,월요일,전라북도 정읍시 연지동,경상사고,0,0,1,0,차대사람 - 횡단중,보행자보호의무위반,포장 - 건조,맑음,교차로 - 교차로횡단보도내,승용,남,80세,상해없음,보행자,여,52세,경상
487,2021062100100412,2021년 6월 21일 16시,월요일,전라북도 군산시 나운동,경상사고,0,0,1,0,차대사람 - 차도통행중,보행자보호의무위반,포장 - 건조,맑음,교차로 - 교차로횡단보도내,승용,여,45세,상해없음,보행자,여,25세,경상
488,2021062100100464,2021년 6월 21일 17시,월요일,전라북도 전주시 덕진구 금암동,경상사고,0,0,1,0,차대사람 - 보도통행중,기타,포장 - 건조,맑음,기타 - 기타,승용,남,72세,상해없음,보행자,여,68세,경상
489,2021062100100589,2021년 6월 21일 20시,월요일,전라북도 전주시 덕진구 인후동1가,경상사고,0,0,1,0,차대사람 - 횡단중,보행자보호의무위반,포장 - 건조,맑음,교차로 - 교차로횡단보도내,승용,남,60세,상해없음,보행자,여,62세,경상
490,2021062100100591,2021년 6월 21일 20시,월요일,전라북도 김제시 죽산면,중상사고,0,1,0,0,차대사람 - 횡단중,안전운전불이행,포장 - 건조,맑음,단일로 - 기타,승용,남,26세,상해없음,보행자,여,76세,중상
491,2021062100100609,2021년 6월 21일 21시,월요일,전라북도 군산시 나운동,경상사고,0,0,1,0,차대사람 - 보도통행중,보행자보호의무위반,포장 - 건조,맑음,교차로 - 교차로횡단보도내,승용,여,50세,상해없음,보행자,여,46세,경상
492,2021062100100652,2021년 6월 21일 23시,월요일,전라북도 군산시 소룡동,중상사고,0,1,0,0,차대사람 - 차도통행중,안전운전불이행,포장 - 건조,맑음,단일로 - 지하차도(도로)내,승용,남,50세,상해없음,보행자,여,57세,중상
493,2021062200100375,2021년 6월 22일 16시,화요일,전라북도 전주시 덕진구 송천동1가,경상사고,0,0,1,0,차대사람 - 기타,안전운전불이행,포장 - 건조,맑음,단일로 - 기타,승합,남,53세,상해없음,보행자,남,42세,경상
494,2021062200100377,2021년 6월 22일 16시,화요일,전라북도 완주군 용진읍,경상사고,0,0,1,0,차대사람 - 기타,안전운전불이행,포장 - 건조,맑음,기타 - 기타,승용,남,47세,상해없음,보행자,여,80세,경상
495,2021062300100165,2021년 6월 23일 11시,수요일,전라북도 김제시 연정동,경상사고,0,0,1,0,차대사람 - 횡단중,안전운전불이행,포장 - 건조,맑음,단일로 - 기타,승용,여,50세,상해없음,보행자,남,33세,경상
496,2021062300100284,2021년 6월 23일 15시,수요일,전라북도 군산시 신영동,경상사고,0,0,1,0,차대사람 - 보도통행중,기타,포장 - 건조,맑음,단일로 - 기타,승용,남,75세,상해없음,보행자,남,63세,경상
497,2021062400100183,2021년 6월 24일 10시,목요일,전라북도 무주군 설천면,중상사고,0,1,0,0,차대사람 - 차도통행중,안전운전불이행,포장 - 건조,맑음,단일로 - 지하차도(도로)내,화물,남,57세,상해없음,보행자,남,69세,중상
498,2021062400100364,2021년 6월 24일 15시,목요일,전라북도 정읍시 수성동,중상사고,0,1,1,0,차대사람 - 횡단중,안전운전불이행,포장 - 건조,맑음,교차로 - 교차로부근,개인형이동수단(PM),남,40세,경상,보행자,여,71세,중상
499,2021062400100539,2021년 6월 24일 19시,목요일,전라북도 전주시 덕진구 금암동,중상사고,0,1,0,0,차대사람 - 횡단중,안전운전불이행,포장 - 건조,맑음,단일로 - 기타,승용,남,77세,상해없음,보행자,여,86세,중상
500,2021062500100011,2021년 6월 25일 00시,금요일,전라북도 익산시 함열읍,중상사고,0,1,0,0,차대사람 - 차도통행중,안전운전불이행,포장 - 건조,맑음,단일로 - 고가도로위,승용,남,59세,상해없음,보행자,남,64세,중상
501,2021062500100144,2021년 6월 25일 09시,금요일,전라북도 군산시 소룡동,부상신고사고,0,0,0,1,차대사람 - 기타,안전운전불이행,포장 - 건조,맑음,기타 - 기타,화물,남,57세,상해없음,보행자,남,59세,부상신고
502,2021062500100238,2021년 6월 25일 12시,금요일,전라북도 익산시 목천동,중상사고,0,1,0,0,차대사람 - 보도통행중,신호위반,포장 - 건조,맑음,교차로 - 교차로횡단보도내,화물,남,58세,상해없음,보행자,남,20세,중상
503,2021062500100631,2021년 6월 25일 21시,금요일,전라북도 군산시 나운동,중상사고,0,1,0,0,차대사람 - 횡단중,안전운전불이행,포장 - 건조,맑음,교차로 - 교차로안,승용,남,76세,상해없음,보행자,남,23세,중상
504,2021062600100125,2021년 6월 26일 09시,토요일,전라북도 전주시 완산구 평화동3가,경상사고,0,0,1,0,차대사람 - 기타,안전운전불이행,포장 - 건조,맑음,단일로 - 기타,자전거,남,13세,상해없음,보행자,여,51세,경상
505,2021062600100161,2021년 6월 26일 10시,토요일,전라북도 임실군 임실읍,중상사고,0,1,0,0,차대사람 - 기타,안전운전불이행,포장 - 건조,맑음,기타 - 기타,승용,남,49세,상해없음,보행자,여,83세,중상
506,2021062600100196,2021년 6월 26일 11시,토요일,전라북도 익산시 함열읍,경상사고,0,0,1,0,차대사람 - 횡단중,보행자보호의무위반,포장 - 건조,맑음,단일로 - 기타,승용,남,60세,상해없음,보행자,남,53세,경상
507,2021062700100012,2021년 6월 27일 00시,일요일,전라북도 남원시 도통동,사망사고,1,0,0,0,차대사람 - 기타,안전운전불이행,포장 - 건조,맑음,단일로 - 기타,승용,남,35세,상해없음,보행자,남,47세,사망
508,2021062700100050,2021년 6월 27일 03시,일요일,전라북도 고창군 고창읍,경상사고,0,0,1,0,차대사람 - 횡단중,안전운전불이행,포장 - 건조,맑음,단일로 - 기타,승용,여,59세,상해없음,보행자,남,48세,경상
509,2021062700100411,2021년 6월 27일 19시,일요일,전라북도 전주시 완산구 삼천동1가,중상사고,0,1,0,0,차대사람 - 기타,안전운전불이행,포장 - 건조,맑음,교차로 - 교차로안,화물,남,67세,상해없음,보행자,남,66세,중상
510,2021062700100461,2021년 6월 27일 21시,일요일,전라북도 전주시 덕진구 우아동3가,경상사고,0,0,1,0,차대사람 - 차도통행중,안전운전불이행,포장 - 건조,흐림,교차로 - 교차로안,승용,남,55세,상해없음,보행자,남,55세,경상
511,2021062800100104,2021년 6월 28일 08시,월요일,전라북도 전주시 완산구 삼천동1가,경상사고,0,0,1,0,차대사람 - 횡단중,보행자보호의무위반,포장 - 건조,맑음,단일로 - 기타,화물,여,63세,상해없음,보행자,남,14세,경상
512,2021062800100366,2021년 6월 28일 15시,월요일,전라북도 군산시 수송동,경상사고,0,0,1,0,차대사람 - 보도통행중,안전운전불이행,포장 - 건조,맑음,기타 - 기타,개인형이동수단(PM),남,17세,상해없음,보행자,여,7세,경상
513,2021062800100450,2021년 6월 28일 17시,월요일,전라북도 전주시 완산구 서신동,중상사고,0,1,0,0,차대사람 - 횡단중,보행자보호의무위반,포장 - 건조,맑음,교차로 - 교차로횡단보도내,승용,남,63세,상해없음,보행자,여,81세,중상
514,2021062800100509,2021년 6월 28일 18시,월요일,전라북도 전주시 덕진구 인후동2가,경상사고,0,0,1,0,차대사람 - 기타,기타,포장 - 건조,맑음,교차로 - 교차로안,승합,남,51세,상해없음,보행자,여,61세,경상
515,2021062800100555,2021년 6월 28일 19시,월요일,전라북도 익산시 팔봉동,중상사고,0,1,0,0,차대사람 - 횡단중,보행자보호의무위반,포장 - 건조,맑음,교차로 - 교차로횡단보도내,화물,남,51세,상해없음,보행자,여,83세,중상
516,2021062900100162,2021년 6월 29일 10시,화요일,전라북도 전주시 덕진구 금암동,중상사고,0,1,0,0,차대사람 - 길가장자리구역통행중,안전운전불이행,포장 - 건조,맑음,교차로 - 교차로부근,화물,남,66세,상해없음,보행자,남,25세,중상
517,2021063000100063,2021년 6월 30일 07시,수요일,전라북도 전주시 덕진구 반월동,경상사고,0,0,1,0,차대사람 - 횡단중,신호위반,포장 - 건조,맑음,교차로 - 교차로횡단보도내,승용,여,23세,상해없음,보행자,여,15세,경상
518,2021063000100167,2021년 6월 30일 10시,수요일,전라북도 익산시 남중동,경상사고,0,0,1,0,차대사람 - 기타,안전운전불이행,포장 - 건조,맑음,교차로 - 교차로횡단보도내,승용,남,50세,상해없음,보행자,남,64세,경상
519,2021063000100194,2021년 6월 30일 11시,수요일,전라북도 전주시 덕진구 덕진동1가,경상사고,0,0,1,0,차대사람 - 기타,안전운전불이행,포장 - 건조,맑음,단일로 - 기타,승합,남,51세,상해없음,보행자,여,66세,경상
520,2021070100100003,2021년 7월 1일 00시,목요일,전라북도 전주시 덕진구 덕진동1가,중상사고,0,1,0,0,차대사람 - 횡단중,안전운전불이행,포장 - 건조,맑음,교차로 - 교차로횡단보도내,이륜,남,17세,상해없음,보행자,남,56세,중상
521,2021070100100097,2021년 7월 1일 08시,목요일,전라북도 전주시 완산구 평화동2가,중상사고,0,1,0,0,차대사람 - 횡단중,안전운전불이행,포장 - 건조,맑음,교차로 - 교차로부근,승용,여,50세,상해없음,보행자,남,63세,중상
522,2021070100100418,2021년 7월 1일 17시,목요일,전라북도 전주시 완산구 효자동1가,경상사고,0,0,1,0,차대사람 - 횡단중,안전운전불이행,포장 - 건조,맑음,단일로 - 기타,승용,여,50세,상해없음,보행자,남,5세,경상
523,2021070200100094,2021년 7월 2일 08시,금요일,전라북도 전주시 완산구 효자동3가,경상사고,0,0,1,0,차대사람 - 차도통행중,안전운전불이행,포장 - 건조,맑음,단일로 - 기타,승용,남,60세,상해없음,보행자,여,17세,경상
524,2021070200100355,2021년 7월 2일 15시,금요일,전라북도 전주시 완산구 삼천동1가,중상사고,0,1,0,0,차대사람 - 기타,신호위반,포장 - 건조,맑음,교차로 - 교차로횡단보도내,승용,여,52세,상해없음,보행자,여,56세,중상
525,2021070200100394,2021년 7월 2일 16시,금요일,전라북도 익산시 모현동1가,경상사고,0,0,1,0,차대사람 - 횡단중,보행자보호의무위반,포장 - 건조,맑음,교차로 - 교차로횡단보도내,승용,남,66세,상해없음,보행자,남,58세,경상
526,2021070200100510,2021년 7월 2일 18시,금요일,전라북도 익산시 인화동2가,중상사고,0,1,0,0,차대사람 - 길가장자리구역통행중,안전운전불이행,포장 - 건조,맑음,단일로 - 기타,승용,남,64세,상해없음,보행자,여,69세,중상
527,2021070200100572,2021년 7월 2일 19시,금요일,전라북도 완주군 이서면,경상사고,0,0,1,0,차대사람 - 보도통행중,기타,포장 - 건조,맑음,기타 - 기타,승용,남,43세,상해없음,보행자,남,48세,경상
528,2021070200100611,2021년 7월 2일 20시,금요일,전라북도 전주시 완산구 삼천동1가,경상사고,0,0,1,0,차대사람 - 횡단중,보행자보호의무위반,포장 - 젖음/습기,비,교차로 - 교차로횡단보도내,이륜,남,52세,상해없음,보행자,남,14세,경상
529,2021070200100612,2021년 7월 2일 20시,금요일,전라북도 정읍시 수성동,중상사고,0,2,1,0,차대사람 - 횡단중,보행자보호의무위반,포장 - 젖음/습기,비,교차로 - 교차로횡단보도내,이륜,남,33세,경상,보행자,남,32세,중상
530,2021070200100613,2021년 7월 2일 20시,금요일,전라북도 정읍시 상동,중상사고,0,1,0,0,차대사람 - 횡단중,보행자보호의무위반,포장 - 젖음/습기,비,기타 - 기타,원동기,남,31세,상해없음,보행자,여,9세,중상
531,2021070200100726,2021년 7월 2일 23시,금요일,전라북도 전주시 덕진구 장동,중상사고,0,1,0,0,차대사람 - 차도통행중,안전운전불이행,포장 - 건조,맑음,교차로 - 교차로부근,개인형이동수단(PM),여,18세,상해없음,보행자,여,26세,중상
532,2021070200100728,2021년 7월 2일 23시,금요일,전라북도 완주군 고산면,중상사고,0,1,0,0,차대사람 - 길가장자리구역통행중,안전운전불이행,포장 - 건조,맑음,단일로 - 기타,화물,남,29세,상해없음,보행자,남,72세,중상
533,2021070300100080,2021년 7월 3일 08시,토요일,전라북도 익산시 남중동,중상사고,0,1,0,0,차대사람 - 횡단중,안전운전불이행,포장 - 건조,맑음,교차로 - 교차로부근,승용,여,46세,상해없음,보행자,여,68세,중상
534,2021070300100082,2021년 7월 3일 08시,토요일,전라북도 순창군 쌍치면,중상사고,0,1,0,0,차대사람 - 기타,안전운전불이행,포장 - 건조,흐림,단일로 - 기타,화물,남,51세,상해없음,보행자,여,90세,중상
535,2021070300100162,2021년 7월 3일 11시,토요일,전라북도 익산시 영등동,경상사고,0,0,1,0,차대사람 - 횡단중,보행자보호의무위반,포장 - 건조,맑음,교차로 - 교차로안,승용,여,59세,상해없음,보행자,남,16세,경상
536,2021070300100582,2021년 7월 3일 21시,토요일,전라북도 완주군 고산면,중상사고,0,1,0,0,차대사람 - 길가장자리구역통행중,안전운전불이행,포장 - 젖음/습기,비,단일로 - 기타,승용,남,58세,상해없음,보행자,남,61세,중상
537,2021070400100151,2021년 7월 4일 12시,일요일,전라북도 전주시 덕진구 우아동1가,경상사고,0,0,1,0,차대사람 - 횡단중,보행자보호의무위반,포장 - 건조,흐림,교차로 - 교차로안,승용,여,61세,상해없음,보행자,여,5세,경상
538,2021070500100090,2021년 7월 5일 08시,월요일,전라북도 정읍시 수성동,중상사고,0,1,0,0,차대사람 - 기타,안전운전불이행,포장 - 건조,맑음,단일로 - 터널,자전거,여,26세,상해없음,보행자,남,58세,중상
539,2021070500100266,2021년 7월 5일 13시,월요일,전라북도 군산시 산북동,경상사고,0,0,1,0,차대사람 - 기타,기타,포장 - 젖음/습기,비,기타 - 기타,승합,남,61세,상해없음,보행자,여,64세,경상
540,2021070500100299,2021년 7월 5일 14시,월요일,전라북도 완주군 봉동읍,중상사고,0,1,0,0,차대사람 - 기타,안전운전불이행,포장 - 젖음/습기,비,단일로 - 기타,화물,남,76세,상해없음,보행자,여,78세,중상
541,2021070500100377,2021년 7월 5일 16시,월요일,전라북도 전주시 완산구 서노송동,경상사고,0,0,1,0,차대사람 - 횡단중,신호위반,포장 - 건조,맑음,교차로 - 교차로횡단보도내,승용,여,53세,상해없음,보행자,남,32세,경상
542,2021070500100490,2021년 7월 5일 19시,월요일,전라북도 익산시 모현동1가,경상사고,0,0,1,0,차대사람 - 차도통행중,중앙선침범,포장 - 젖음/습기,흐림,단일로 - 기타,승용,남,55세,상해없음,보행자,여,64세,경상
543,2021070500100516,2021년 7월 5일 20시,월요일,전라북도 군산시 산북동,경상사고,0,0,1,0,차대사람 - 기타,기타,포장 - 젖음/습기,비,교차로 - 교차로부근,승용,남,71세,상해없음,보행자,남,46세,경상
544,2021070600100048,2021년 7월 6일 06시,화요일,전라북도 군산시 수송동,중상사고,0,1,0,0,차대사람 - 횡단중,보행자보호의무위반,포장 - 젖음/습기,흐림,교차로 - 교차로안,승용,남,54세,상해없음,보행자,여,17세,중상
545,2021070600100222,2021년 7월 6일 12시,화요일,전라북도 군산시 나운동,경상사고,0,0,1,0,차대사람 - 차도통행중,안전운전불이행,포장 - 건조,맑음,미분류 - 미분류,기타불명,기타불명,미분류,기타불명,보행자,여,76세,경상
546,2021070600100285,2021년 7월 6일 14시,화요일,전라북도 부안군 부안읍,중상사고,0,1,0,0,차대사람 - 기타,안전운전불이행,포장 - 젖음/습기,비,교차로 - 교차로안,승용,여,41세,상해없음,보행자,남,71세,중상
547,2021070700100043,2021년 7월 7일 05시,수요일,전라북도 전주시 완산구 효자동3가,중상사고,0,1,0,0,차대사람 - 횡단중,안전운전불이행,포장 - 건조,맑음,단일로 - 기타,승용,남,59세,상해없음,보행자,여,25세,중상
548,2021070700100069,2021년 7월 7일 07시,수요일,전라북도 군산시 산북동,중상사고,0,1,0,0,차대사람 - 차도통행중,안전운전불이행,포장 - 젖음/습기,흐림,단일로 - 기타,승용,남,26세,상해없음,보행자,여,54세,중상
549,2021070700100157,2021년 7월 7일 10시,수요일,전라북도 전주시 완산구 효자동1가,중상사고,0,1,0,0,차대사람 - 횡단중,안전운전불이행,포장 - 건조,맑음,교차로 - 교차로부근,이륜,남,56세,상해없음,보행자,여,38세,중상
550,2021070700100378,2021년 7월 7일 16시,수요일,전라북도 전주시 덕진구 인후동2가,중상사고,0,1,0,0,차대사람 - 보도통행중,안전운전불이행,포장 - 건조,맑음,단일로 - 기타,자전거,남,17세,상해없음,보행자,여,76세,중상
551,2021070700100550,2021년 7월 7일 20시,수요일,전라북도 완주군 용진읍,중상사고,0,1,0,0,차대사람 - 횡단중,과속,포장 - 건조,맑음,교차로 - 교차로부근,화물,남,61세,상해없음,보행자,여,78세,중상
552,2021070800100048,2021년 7월 8일 05시,목요일,전라북도 전주시 완산구 경원동3가,사망사고,1,0,0,0,차대사람 - 기타,안전운전불이행,포장 - 젖음/습기,비,교차로 - 교차로부근,승합,여,67세,상해없음,보행자,여,90세,사망
553,2021070800100063,2021년 7월 8일 07시,목요일,전라북도 군산시 나운동,경상사고,0,0,1,0,차대사람 - 횡단중,안전운전불이행,포장 - 건조,맑음,단일로 - 지하차도(도로)내,승용,여,66세,상해없음,보행자,여,14세,경상
554,2021070800100183,2021년 7월 8일 10시,목요일,전라북도 군산시 지곡동,중상사고,0,1,0,0,차대사람 - 차도통행중,안전운전불이행,포장 - 건조,맑음,교차로 - 교차로안,승용,여,66세,기타불명,보행자,여,61세,중상
555,2021070800100243,2021년 7월 8일 12시,목요일,전라북도 부안군 변산면,경상사고,0,0,1,0,차대사람 - 차도통행중,안전운전불이행,포장 - 건조,맑음,교차로 - 교차로안,화물,남,75세,상해없음,보행자,남,52세,경상
556,2021070800100517,2021년 7월 8일 20시,목요일,전라북도 김제시 검산동,사망사고,1,0,0,0,차대사람 - 횡단중,안전운전불이행,포장 - 건조,맑음,단일로 - 기타,승용,남,22세,상해없음,보행자,여,79세,사망
557,2021070800100550,2021년 7월 8일 21시,목요일,전라북도 익산시 임상동,중상사고,0,1,0,0,차대사람 - 횡단중,과속,포장 - 건조,맑음,교차로 - 교차로안,승용,남,48세,상해없음,보행자,남,60세,중상
558,2021070900100115,2021년 7월 9일 09시,금요일,전라북도 전주시 완산구 동완산동,중상사고,0,1,0,0,차대사람 - 횡단중,안전운전불이행,포장 - 건조,맑음,단일로 - 기타,승용,여,64세,상해없음,보행자,여,68세,중상
559,2021070900100319,2021년 7월 9일 15시,금요일,전라북도 완주군 봉동읍,중상사고,0,1,0,0,차대사람 - 기타,안전운전불이행,포장 - 건조,맑음,단일로 - 기타,승합,남,29세,상해없음,보행자,여,80세,중상
560,2021070900100610,2021년 7월 9일 22시,금요일,전라북도 군산시 수송동,경상사고,0,0,1,0,차대사람 - 차도통행중,안전운전불이행,포장 - 건조,맑음,교차로 - 교차로안,승용,남,28세,상해없음,보행자,여,22세,경상
561,2021071000100043,2021년 7월 10일 02시,토요일,전라북도 전주시 완산구 전동3가,경상사고,0,0,1,0,차대사람 - 차도통행중,안전운전불이행,포장 - 건조,맑음,기타 - 기타,승용,남,44세,상해없음,보행자,남,37세,경상
562,2021071100100003,2021년 7월 11일 00시,일요일,전라북도 전주시 완산구 삼천동3가,경상사고,0,0,1,0,차대사람 - 길가장자리구역통행중,기타,포장 - 건조,맑음,단일로 - 기타,승용,남,62세,상해없음,보행자,남,23세,경상
563,2021071200100043,2021년 7월 12일 07시,월요일,전라북도 군산시 소룡동,경상사고,0,0,1,0,차대사람 - 횡단중,안전운전불이행,포장 - 건조,맑음,교차로 - 교차로안,화물,남,76세,상해없음,보행자,남,16세,경상
564,2021071200100128,2021년 7월 12일 10시,월요일,전라북도 군산시 수송동,중상사고,0,1,0,0,차대사람 - 기타,보행자보호의무위반,포장 - 건조,맑음,교차로 - 교차로횡단보도내,승용,남,67세,상해없음,보행자,여,80세,중상
565,2021071200100452,2021년 7월 12일 18시,월요일,전라북도 익산시 모현동1가,경상사고,0,0,1,0,차대사람 - 기타,안전운전불이행,포장 - 건조,맑음,기타 - 기타,승용,남,57세,상해없음,보행자,여,17세,경상
566,2021071200100486,2021년 7월 12일 19시,월요일,전라북도 익산시 함라면,중상사고,0,1,0,0,차대사람 - 기타,안전운전불이행,포장 - 건조,맑음,교차로 - 교차로부근,화물,남,71세,상해없음,보행자,남,81세,중상
567,2021071300100143,2021년 7월 13일 09시,화요일,전라북도 전주시 완산구 효자동1가,중상사고,0,1,0,0,차대사람 - 횡단중,안전운전불이행,포장 - 건조,맑음,교차로 - 교차로횡단보도내,승용,남,38세,상해없음,보행자,여,74세,중상
568,2021071300100356,2021년 7월 13일 15시,화요일,전라북도 남원시 운봉읍,경상사고,0,0,1,0,차대사람 - 횡단중,안전운전불이행,포장 - 건조,맑음,교차로 - 교차로안,승용,여,19세,상해없음,보행자,여,76세,경상
569,2021071300100594,2021년 7월 13일 21시,화요일,전라북도 군산시 수송동,경상사고,0,0,1,0,차대사람 - 기타,안전운전불이행,포장 - 건조,맑음,교차로 - 교차로안,승용,남,58세,상해없음,보행자,남,39세,경상
570,2021071400100181,2021년 7월 14일 11시,수요일,전라북도 익산시 모현동1가,중상사고,0,1,0,0,차대사람 - 길가장자리구역통행중,안전운전불이행,포장 - 건조,맑음,단일로 - 기타,승용,남,59세,상해없음,보행자,남,50세,중상
571,2021071400100597,2021년 7월 14일 22시,수요일,전라북도 전주시 덕진구 장동,사망사고,1,0,0,0,차대사람 - 횡단중,과속,포장 - 건조,맑음,교차로 - 교차로횡단보도내,승용,남,41세,상해없음,보행자,여,52세,사망
572,2021071400100598,2021년 7월 14일 22시,수요일,전라북도 익산시 영등동,경상사고,0,0,1,0,차대사람 - 기타,교차로운행방법위반,포장 - 건조,맑음,교차로 - 교차로안,승용,남,62세,상해없음,보행자,남,24세,경상
573,2021071500100093,2021년 7월 15일 08시,목요일,전라북도 전주시 완산구 평화동2가,경상사고,0,0,1,0,차대사람 - 기타,신호위반,포장 - 건조,맑음,교차로 - 교차로부근,승용,여,67세,상해없음,보행자,남,10세,경상
574,2021071500100375,2021년 7월 15일 16시,목요일,전라북도 익산시 남중동,경상사고,0,0,1,0,차대사람 - 길가장자리구역통행중,안전운전불이행,포장 - 건조,맑음,단일로 - 기타,승용,여,72세,상해없음,보행자,여,55세,경상
575,2021071500100595,2021년 7월 15일 22시,목요일,전라북도 무주군 안성면,중상사고,0,1,0,0,차대사람 - 차도통행중,안전운전불이행,포장 - 건조,맑음,단일로 - 지하차도(도로)내,승용,남,48세,상해없음,보행자,여,63세,중상
576,2021071600100275,2021년 7월 16일 13시,금요일,전라북도 정읍시 수성동,중상사고,0,1,0,0,차대사람 - 횡단중,보행자보호의무위반,포장 - 건조,맑음,교차로 - 교차로횡단보도내,이륜,남,68세,상해없음,보행자,남,50세,중상
577,2021071600100426,2021년 7월 16일 17시,금요일,전라북도 전주시 완산구 효자동1가,중상사고,0,1,0,0,차대사람 - 기타,기타,포장 - 건조,맑음,단일로 - 기타,개인형이동수단(PM),남,16세,상해없음,보행자,여,75세,중상
578,2021071600100683,2021년 7월 16일 23시,금요일,전라북도 전주시 덕진구 송천동1가,중상사고,0,1,0,0,차대사람 - 횡단중,안전운전불이행,포장 - 건조,맑음,단일로 - 기타,승용,여,28세,상해없음,보행자,남,32세,중상
579,2021071700100191,2021년 7월 17일 11시,토요일,전라북도 완주군 고산면,중상사고,0,1,0,0,차대사람 - 횡단중,보행자보호의무위반,포장 - 건조,맑음,교차로 - 교차로횡단보도내,이륜,남,79세,상해없음,보행자,여,52세,중상
580,2021071700100426,2021년 7월 17일 17시,토요일,전라북도 전주시 완산구 교동,경상사고,0,0,1,0,차대사람 - 횡단중,신호위반,포장 - 건조,맑음,교차로 - 교차로부근,이륜,여,25세,상해없음,보행자,여,4세,경상
581,2021071700100428,2021년 7월 17일 17시,토요일,전라북도 익산시 영등동,경상사고,0,0,1,0,차대사람 - 횡단중,안전운전불이행,포장 - 젖음/습기,비,교차로 - 교차로부근,승용,남,50세,상해없음,보행자,남,61세,경상
582,2021071700100458,2021년 7월 17일 18시,토요일,전라북도 전주시 완산구 태평동,중상사고,0,1,0,0,차대사람 - 기타,안전운전불이행,포장 - 건조,맑음,교차로 - 교차로부근,승용,여,34세,상해없음,보행자,여,67세,중상
583,2021071700100522,2021년 7월 17일 20시,토요일,전라북도 전주시 덕진구 여의동2가,경상사고,0,0,1,0,차대사람 - 기타,안전운전불이행,포장 - 건조,흐림,단일로 - 기타,승합,남,57세,상해없음,보행자,여,68세,경상