,사고번호,사고일시,요일,시군구,사고내용,사망자수,중상자수,경상자수,부상신고자수,사고유형,법규위반,노면상태,기상상태,도로형태,가해운전자 차종,가해운전자 성별,가해운전자 연령,가해운전자 상해정도,피해운전자 차종,피해운전자 성별,피해운전자 연령,피해운전자 상해정도
1026,2021113000100554,2021년 11월 30일 19시,화요일,전라북도 전주시 완산구 중노송동,중상사고,0,1,0,0,차대사람 - 횡단중,신호위반,포장 - 젖음/습기,비,교차로 - 교차로횡단보도내,승용,여,40세,상해없음,보행자,남,79세,중상
1027,2021113000100555,2021년 11월 30일 19시,화요일,전라북도 고창군 고창읍,경상사고,0,0,2,0,차대사람 - 보도통행중,보행자보호의무위반,포장 - 젖음/습기,비,기타 - 기타,화물,남,56세,상해없음,보행자,여,16세,경상
1028,2021113000100636,2021년 11월 30일 22시,화요일,전라북도 전주시 완산구 서신동,중상사고,0,1,0,0,차대사람 - 횡단중,기타,포장 - 젖음/습기,비,단일로 - 기타,승용,여,48세,상해없음,보행자,남,17세,중상
1029,2021120100100072,2021년 12월 1일 07시,수요일,전라북도 고창군 심원면,경상사고,0,0,1,0,차대사람 - 차도통행중,안전운전불이행,포장 - 건조,맑음,단일로 - 기타,승용,남,43세,상해없음,보행자,남,54세,경상
1030,2021120100100190,2021년 12월 1일 10시,수요일,전라북도 전주시 덕진구 인후동2가,경상사고,0,0,1,0,차대사람 - 차도통행중,안전운전불이행,포장 - 건조,맑음,교차로 - 교차로안,화물,남,55세,상해없음,보행자,여,67세,경상
1031,2021120100100269,2021년 12월 1일 13시,수요일,전라북도 정읍시 북면,중상사고,0,2,0,0,차대사람 - 횡단중,보행자보호의무위반,포장 - 젖음/습기,눈,교차로 - 교차로부근,승용,남,54세,상해없음,보행자,남,18세,중상
1032,2021120100100480,2021년 12월 1일 18시,수요일,전라북도 군산시 조촌동,중상사고,0,1,1,0,차대사람 - 기타,안전운전불이행,포장 - 건조,흐림,주차장 - 주차장,승용,남,37세,상해없음,보행자,남,62세,중상
1033,2021120200100018,2021년 12월 2일 01시,목요일,전라북도 전주시 덕진구 금상동,경상사고,0,0,1,0,차대사람 - 기타,안전운전불이행,포장 - 건조,맑음,단일로 - 기타,승용,남,55세,상해없음,보행자,여,61세,경상
1034,2021120200100179,2021년 12월 2일 10시,목요일,전라북도 군산시 소룡동,중상사고,0,1,0,0,차대사람 - 횡단중,안전운전불이행,포장 - 건조,맑음,교차로 - 교차로안,승용,남,53세,상해없음,보행자,여,79세,중상
1035,2021120200100389,2021년 12월 2일 16시,목요일,전라북도 전주시 덕진구 우아동3가,경상사고,0,0,1,0,차대사람 - 횡단중,안전운전불이행,포장 - 건조,맑음,교차로 - 교차로부근,승용,남,52세,상해없음,보행자,여,22세,경상
1036,2021120200100610,2021년 12월 2일 22시,목요일,전라북도 익산시 창인동2가,중상사고,0,1,0,0,차대사람 - 횡단중,안전운전불이행,포장 - 건조,흐림,단일로 - 기타,승용,여,52세,상해없음,보행자,여,62세,중상
1037,2021120300100512,2021년 12월 3일 17시,금요일,전라북도 익산시 신동,중상사고,0,1,0,0,차대사람 - 길가장자리구역통행중,안전운전불이행,포장 - 건조,맑음,교차로 - 교차로안,화물,남,50세,상해없음,보행자,남,17세,중상
1038,2021120300100559,2021년 12월 3일 18시,금요일,전라북도 익산시 신동,중상사고,0,1,0,0,차대사람 - 횡단중,안전운전불이행,포장 - 건조,맑음,단일로 - 기타,승용,남,26세,상해없음,보행자,여,65세,중상
1039,2021120400100107,2021년 12월 4일 09시,토요일,전라북도 익산시 부송동,경상사고,0,0,1,0,차대사람 - 횡단중,보행자보호의무위반,포장 - 건조,맑음,교차로 - 교차로횡단보도내,이륜,남,67세,상해없음,보행자,여,80세,경상
1040,2021120400100326,2021년 12월 4일 16시,토요일,전라북도 익산시 부송동,중상사고,0,1,0,0,차대사람 - 횡단중,안전운전불이행,포장 - 건조,맑음,단일로 - 기타,승용,남,18세,상해없음,보행자,남,63세,중상
1041,2021120400100410,2021년 12월 4일 18시,토요일,전라북도 군산시 장재동,경상사고,0,0,1,0,차대사람 - 횡단중,안전운전불이행,포장 - 건조,맑음,교차로 - 교차로안,승용,남,43세,상해없음,보행자,여,68세,경상
1042,2021120500100031,2021년 12월 5일 02시,일요일,전라북도 군산시 소룡동,중상사고,0,1,0,0,차대사람 - 횡단중,안전운전불이행,포장 - 건조,맑음,교차로 - 교차로안,승합,남,57세,상해없음,보행자,남,44세,중상
1043,2021120600100012,2021년 12월 6일 04시,월요일,전라북도 순창군 동계면,사망사고,1,0,0,0,차대사람 - 차도통행중,안전운전불이행,포장 - 건조,맑음,단일로 - 기타,화물,남,48세,상해없음,보행자,여,80세,사망
1044,2021120600100029,2021년 12월 6일 06시,월요일,전라북도 전주시 완산구 효자동1가,경상사고,0,0,1,0,차대사람 - 횡단중,기타,포장 - 건조,맑음,교차로 - 교차로안,기타불명,기타불명,미분류,기타불명,보행자,여,61세,경상
1045,2021120600100219,2021년 12월 6일 12시,월요일,전라북도 전주시 완산구 효자동1가,사망사고,1,0,0,0,차대사람 - 횡단중,안전운전불이행,포장 - 건조,맑음,교차로 - 교차로횡단보도내,건설기계,남,59세,상해없음,보행자,여,73세,사망
1046,2021120600100245,2021년 12월 6일 13시,월요일,전라북도 전주시 완산구 평화동2가,중상사고,0,1,0,0,차대사람 - 횡단중,안전운전불이행,포장 - 건조,맑음,교차로 - 교차로안,승용,여,49세,상해없음,보행자,여,61세,중상
1047,2021120700100101,2021년 12월 7일 08시,화요일,전라북도 김제시 서암동,경상사고,0,0,1,0,차대사람 - 횡단중,보행자보호의무위반,포장 - 건조,맑음,교차로 - 교차로안,승용,남,71세,상해없음,보행자,여,16세,경상
1048,2021120700100184,2021년 12월 7일 11시,화요일,전라북도 군산시 영동,경상사고,0,0,1,0,차대사람 - 횡단중,안전운전불이행,포장 - 건조,맑음,단일로 - 기타,화물,남,56세,상해없음,보행자,여,73세,경상
1049,2021120700100268,2021년 12월 7일 13시,화요일,전라북도 익산시 용안면,중상사고,0,1,0,0,차대사람 - 기타,안전운전불이행,포장 - 건조,기타,기타 - 기타,기타불명,기타불명,미분류,기타불명,보행자,남,79세,중상
1050,2021120700100478,2021년 12월 7일 18시,화요일,전라북도 완주군 구이면,중상사고,0,1,0,0,차대사람 - 기타,안전운전불이행,포장 - 건조,맑음,단일로 - 기타,승용,남,62세,상해없음,보행자,남,53세,중상
1051,2021120800100058,2021년 12월 8일 06시,수요일,전라북도 군산시 문화동,사망사고,1,0,0,0,차대사람 - 기타,안전운전불이행,포장 - 건조,기타,주차장 - 주차장,승용,남,30세,상해없음,보행자,남,85세,사망
1052,2021120800100201,2021년 12월 8일 11시,수요일,전라북도 전주시 덕진구 덕진동1가,경상사고,0,0,1,0,차대사람 - 기타,안전운전불이행,포장 - 건조,맑음,단일로 - 기타,승용,남,64세,상해없음,보행자,남,48세,경상
1053,2021120800100267,2021년 12월 8일 13시,수요일,전라북도 정읍시 연지동,경상사고,0,0,1,0,차대사람 - 기타,기타,포장 - 건조,맑음,단일로 - 터널,이륜,남,91세,상해없음,보행자,남,58세,경상
1054,2021120800100305,2021년 12월 8일 14시,수요일,전라북도 익산시 모현동1가,경상사고,0,0,1,0,차대사람 - 보도통행중,안전운전불이행,포장 - 건조,맑음,단일로 - 기타,자전거,여,79세,상해없음,보행자,여,83세,경상
1055,2021120800100379,2021년 12월 8일 16시,수요일,전라북도 군산시 미룡동,중상사고,0,1,0,0,차대사람 - 횡단중,안전운전불이행,포장 - 건조,맑음,기타 - 기타,승용,여,62세,상해없음,보행자,여,79세,중상
1056,2021120900100214,2021년 12월 9일 13시,목요일,전라북도 전주시 완산구 효자동1가,경상사고,0,0,1,0,차대사람 - 횡단중,보행자보호의무위반,포장 - 건조,맑음,단일로 - 기타,승용,여,62세,상해없음,보행자,남,7세,경상
1057,2021120900100295,2021년 12월 9일 16시,목요일,전라북도 군산시 나운동,중상사고,0,1,0,0,차대사람 - 기타,안전운전불이행,포장 - 건조,맑음,단일로 - 기타,승용,여,55세,상해없음,보행자,여,70세,중상
1058,2021120900100331,2021년 12월 9일 17시,목요일,전라북도 전주시 덕진구 송천동2가,경상사고,0,0,1,0,차대사람 - 길가장자리구역통행중,안전운전불이행,포장 - 건조,맑음,단일로 - 기타,승용,여,23세,상해없음,보행자,남,51세,경상
1059,2021120900100393,2021년 12월 9일 18시,목요일,전라북도 익산시 영등동,경상사고,0,0,1,0,차대사람 - 기타,안전운전불이행,포장 - 건조,맑음,단일로 - 기타,화물,남,50세,상해없음,보행자,남,48세,경상
1060,2021120900100532,2021년 12월 9일 23시,목요일,전라북도 전주시 덕진구 인후동1가,경상사고,0,0,1,0,차대사람 - 기타,안전운전불이행,포장 - 건조,맑음,단일로 - 기타,승용,남,71세,상해없음,보행자,남,43세,경상
1061,2021121000100468,2021년 12월 10일 18시,금요일,전라북도 정읍시 시기동,사망사고,1,0,0,0,차대사람 - 기타,보행자보호의무위반,포장 - 건조,맑음,교차로 - 교차로안,승용,남,44세,상해없음,보행자,여,68세,사망
1062,2021121100100017,2021년 12월 11일 00시,토요일,전라북도 전주시 완산구 효자동3가,중상사고,0,1,0,0,차대사람 - 기타,과속,포장 - 건조,맑음,교차로 - 교차로안,승용,남,36세,상해없음,보행자,남,61세,중상
1063,2021121100100053,2021년 12월 11일 04시,토요일,전라북도 군산시 수송동,경상사고,0,0,1,0,차대사람 - 횡단중,안전운전불이행,포장 - 젖음/습기,안개,교차로 - 교차로횡단보도내,승용,남,57세,기타불명,보행자,여,43세,경상
1064,2021121100100257,2021년 12월 11일 14시,토요일,전라북도 군산시 장미동,경상사고,0,0,1,0,차대사람 - 기타,안전운전불이행,포장 - 건조,맑음,교차로 - 교차로안,화물,남,68세,상해없음,보행자,남,71세,경상
1065,2021121100100407,2021년 12월 11일 18시,토요일,전라북도 김제시 죽산면,경상사고,0,0,2,0,차대사람 - 기타,안전운전불이행,포장 - 건조,맑음,교차로 - 교차로안,승용,여,69세,상해없음,보행자,여,22세,경상
1066,2021121100100532,2021년 12월 11일 23시,토요일,전라북도 전주시 완산구 삼천동3가,사망사고,1,0,0,0,차대사람 - 길가장자리구역통행중,안전운전불이행,포장 - 건조,맑음,단일로 - 기타,승용,남,46세,상해없음,보행자,남,52세,사망
1067,2021121200100133,2021년 12월 12일 12시,일요일,전라북도 전주시 완산구 서노송동,경상사고,0,0,1,0,차대사람 - 길가장자리구역통행중,안전운전불이행,포장 - 건조,맑음,단일로 - 기타,승용,여,55세,상해없음,보행자,여,58세,경상
1068,2021121200100134,2021년 12월 12일 12시,일요일,전라북도 전주시 완산구 효자동1가,중상사고,0,1,0,0,차대사람 - 횡단중,안전운전불이행,포장 - 건조,맑음,교차로 - 교차로횡단보도내,이륜,남,55세,상해없음,보행자,남,32세,중상
1069,2021121300100327,2021년 12월 13일 14시,월요일,전라북도 진안군 진안읍,사망사고,1,0,0,0,차대사람 - 횡단중,안전운전불이행,포장 - 건조,맑음,교차로 - 교차로안,승용,여,32세,상해없음,보행자,남,81세,사망
1070,2021121300100460,2021년 12월 13일 18시,월요일,전라북도 익산시 영등동,경상사고,0,0,1,0,차대사람 - 기타,보행자보호의무위반,포장 - 건조,맑음,교차로 - 교차로횡단보도내,승용,남,42세,상해없음,보행자,여,18세,경상
1071,2021121300100592,2021년 12월 13일 23시,월요일,전라북도 전주시 덕진구 금암동,중상사고,0,1,0,0,차대사람 - 횡단중,안전운전불이행,포장 - 건조,맑음,단일로 - 기타,승합,남,67세,상해없음,보행자,여,64세,중상
1072,2021121400100119,2021년 12월 14일 09시,화요일,전라북도 정읍시 수성동,중상사고,0,1,0,0,차대사람 - 횡단중,보행자보호의무위반,포장 - 건조,맑음,교차로 - 교차로횡단보도내,승용,남,58세,상해없음,보행자,여,46세,중상
1073,2021121400100300,2021년 12월 14일 16시,화요일,전라북도 군산시 수송동,경상사고,0,0,1,0,차대사람 - 차도통행중,안전운전불이행,포장 - 건조,맑음,교차로 - 교차로안,승용,여,33세,상해없음,보행자,여,18세,경상
1074,2021121500100157,2021년 12월 15일 09시,수요일,전라북도 전주시 덕진구 호성동1가,중상사고,0,1,0,0,차대사람 - 횡단중,안전운전불이행,포장 - 건조,맑음,교차로 - 교차로횡단보도내,화물,여,65세,상해없음,보행자,여,56세,중상
1075,2021121500100271,2021년 12월 15일 13시,수요일,전라북도 전주시 덕진구 송천동2가,중상사고,0,1,0,0,차대사람 - 기타,기타,포장 - 건조,맑음,단일로 - 기타,승합,남,58세,상해없음,보행자,여,75세,중상
1076,2021121500100325,2021년 12월 15일 15시,수요일,전라북도 고창군 해리면,중상사고,0,1,0,0,차대사람 - 보도통행중,안전운전불이행,포장 - 건조,맑음,단일로 - 기타,건설기계,남,70세,상해없음,보행자,여,77세,중상
1077,2021121500100550,2021년 12월 15일 20시,수요일,전라북도 전주시 완산구 평화동1가,중상사고,0,1,0,0,차대사람 - 횡단중,안전운전불이행,포장 - 건조,맑음,교차로 - 교차로부근,이륜,남,57세,상해없음,보행자,여,63세,중상
1078,2021121500100596,2021년 12월 15일 22시,수요일,전라북도 전주시 덕진구 인후동1가,경상사고,0,0,1,0,차대사람 - 횡단중,보행자보호의무위반,포장 - 건조,맑음,교차로 - 교차로횡단보도내,이륜,남,44세,상해없음,보행자,여,17세,경상
1079,2021121500100597,2021년 12월 15일 22시,수요일,전라북도 군산시 소룡동,중상사고,0,1,0,0,차대사람 - 횡단중,보행자보호의무위반,포장 - 건조,맑음,교차로 - 교차로부근,승용,남,50세,상해없음,보행자,남,52세,중상
1080,2021121600100069,2021년 12월 16일 07시,목요일,전라북도 완주군 삼례읍,중상사고,0,1,0,0,차대사람 - 횡단중,보행자보호의무위반,포장 - 건조,맑음,교차로 - 교차로횡단보도내,승합,남,73세,상해없음,보행자,여,68세,중상
1081,2021121600100290,2021년 12월 16일 15시,목요일,전라북도 익산시 마동,경상사고,0,0,1,0,차대사람 - 횡단중,안전운전불이행,포장 - 건조,맑음,교차로 - 교차로안,승합,남,68세,상해없음,보행자,여,85세,경상
1082,2021121600100399,2021년 12월 16일 18시,목요일,전라북도 익산시 영등동,경상사고,0,0,1,0,차대사람 - 횡단중,안전운전불이행,포장 - 건조,맑음,단일로 - 기타,승용,남,38세,상해없음,보행자,여,52세,경상
1083,2021121600100462,2021년 12월 16일 20시,목요일,전라북도 익산시 여산면,사망사고,1,0,0,0,차대사람 - 횡단중,안전운전불이행,포장 - 건조,맑음,단일로 - 기타,화물,남,55세,상해없음,보행자,여,56세,사망
1084,2021121700100104,2021년 12월 17일 08시,금요일,전라북도 전주시 완산구 중화산동2가,경상사고,0,0,1,0,차대사람 - 기타,안전운전불이행,포장 - 건조,맑음,단일로 - 터널,승용,남,49세,상해없음,보행자,남,72세,경상
1085,2021121700100326,2021년 12월 17일 15시,금요일,전라북도 익산시 동산동,중상사고,0,1,0,0,차대사람 - 횡단중,보행자보호의무위반,포장 - 젖음/습기,눈,단일로 - 기타,승용,남,38세,상해없음,보행자,남,60세,중상
1086,2021121700100374,2021년 12월 17일 16시,금요일,전라북도 군산시 지곡동,경상사고,0,0,1,0,차대사람 - 횡단중,보행자보호의무위반,포장 - 서리/결빙,눈,교차로 - 교차로안,승합,남,61세,상해없음,보행자,여,17세,경상
1087,2021121700100499,2021년 12월 17일 18시,금요일,전라북도 군산시 경장동,경상사고,0,0,1,0,차대사람 - 횡단중,신호위반,포장 - 서리/결빙,눈,기타 - 기타,승용,여,38세,상해없음,보행자,여,50세,경상
1088,2021121700100560,2021년 12월 17일 19시,금요일,전라북도 군산시 소룡동,경상사고,0,0,1,0,차대사람 - 횡단중,신호위반,포장 - 젖음/습기,눈,교차로 - 교차로횡단보도내,승용,남,60세,상해없음,보행자,여,60세,경상
1089,2021121800100073,2021년 12월 18일 05시,토요일,전라북도 전주시 덕진구 팔복동1가,경상사고,0,0,1,0,차대사람 - 횡단중,신호위반,포장 - 서리/결빙,눈,단일로 - 기타,승용,남,55세,상해없음,보행자,여,51세,경상
1090,2021121800100466,2021년 12월 18일 18시,토요일,전라북도 전주시 완산구 중화산동2가,경상사고,0,0,1,0,차대사람 - 횡단중,보행자보호의무위반,포장 - 건조,맑음,기타 - 기타,승용,남,43세,상해없음,보행자,여,59세,경상
1091,2021121900100137,2021년 12월 19일 13시,일요일,전라북도 전주시 덕진구 성덕동,경상사고,0,0,1,0,차대사람 - 차도통행중,안전운전불이행,포장 - 건조,맑음,단일로 - 기타,화물,남,73세,상해없음,보행자,여,64세,경상
1092,2021121900100169,2021년 12월 19일 14시,일요일,전라북도 전주시 완산구 동완산동,중상사고,0,1,0,0,차대사람 - 기타,안전운전불이행,포장 - 건조,맑음,단일로 - 기타,화물,남,57세,상해없음,보행자,여,93세,중상
1093,2021121900100211,2021년 12월 19일 16시,일요일,전라북도 전주시 덕진구 인후동1가,경상사고,0,0,1,0,차대사람 - 기타,안전운전불이행,포장 - 건조,맑음,기타 - 기타,승용,남,36세,상해없음,보행자,남,56세,경상
1094,2021121900100229,2021년 12월 19일 17시,일요일,전라북도 전주시 덕진구 우아동2가,경상사고,0,0,1,0,차대사람 - 횡단중,보행자보호의무위반,포장 - 건조,맑음,교차로 - 교차로횡단보도내,승용,여,33세,상해없음,보행자,여,64세,경상
1095,2021121900100308,2021년 12월 19일 20시,일요일,전라북도 전주시 완산구 서신동,경상사고,0,0,1,0,차대사람 - 횡단중,보행자보호의무위반,포장 - 건조,맑음,단일로 - 기타,승용,남,46세,상해없음,보행자,남,63세,경상
1096,2021122000100166,2021년 12월 20일 11시,월요일,전라북도 군산시 나운동,중상사고,0,1,0,0,차대사람 - 차도통행중,안전운전불이행,포장 - 건조,맑음,단일로 - 기타,승용,남,51세,상해없음,보행자,여,51세,중상
1097,2021122000100266,2021년 12월 20일 14시,월요일,전라북도 김제시 요촌동,경상사고,0,0,1,0,차대사람 - 차도통행중,안전운전불이행,포장 - 건조,맑음,교차로 - 교차로안,승용,남,46세,상해없음,보행자,여,10세,경상
1098,2021122000100267,2021년 12월 20일 14시,월요일,전라북도 임실군 강진면,중상사고,0,1,0,0,차대사람 - 기타,안전운전불이행,포장 - 건조,맑음,단일로 - 기타,승용,남,31세,상해없음,보행자,여,72세,중상
1099,2021122000100350,2021년 12월 20일 16시,월요일,전라북도 완주군 고산면,중상사고,0,1,0,0,차대사람 - 횡단중,안전운전불이행,포장 - 건조,맑음,단일로 - 기타,승용,여,70세,상해없음,보행자,여,74세,중상
1100,2021122000100402,2021년 12월 20일 17시,월요일,전라북도 전주시 완산구 평화동2가,중상사고,0,1,0,0,차대사람 - 횡단중,보행자보호의무위반,포장 - 건조,맑음,교차로 - 교차로횡단보도내,승용,여,52세,상해없음,보행자,남,12세,중상
1101,2021122000100474,2021년 12월 20일 18시,월요일,전라북도 김제시 신풍동,경상사고,0,0,1,0,차대사람 - 기타,안전운전불이행,포장 - 건조,맑음,주차장 - 주차장,승용,남,42세,상해없음,보행자,남,59세,경상
1102,2021122000100596,2021년 12월 20일 21시,월요일,전라북도 완주군 봉동읍,중상사고,0,1,0,0,차대사람 - 기타,안전운전불이행,포장 - 건조,맑음,기타 - 기타,승용,남,31세,상해없음,보행자,남,49세,중상
1103,2021122000100615,2021년 12월 20일 22시,월요일,전라북도 전주시 완산구 효자동2가,중상사고,0,1,0,0,차대사람 - 기타,안전운전불이행,포장 - 건조,맑음,단일로 - 기타,승용,남,46세,상해없음,보행자,남,21세,중상
1104,2021122100100034,2021년 12월 21일 06시,화요일,전라북도 군산시 나운동,경상사고,0,0,1,0,차대사람 - 횡단중,보행자보호의무위반,포장 - 건조,맑음,교차로 - 교차로안,승용,여,59세,상해없음,보행자,남,47세,경상
1105,2021122100100094,2021년 12월 21일 08시,화요일,전라북도 전주시 덕진구 금암동,경상사고,0,0,1,0,차대사람 - 횡단중,신호위반,포장 - 건조,맑음,단일로 - 기타,승용,남,74세,상해없음,보행자,남,27세,경상
1106,2021122100100095,2021년 12월 21일 08시,화요일,전라북도 군산시 송창동,중상사고,0,1,0,0,차대사람 - 기타,안전운전불이행,포장 - 건조,맑음,교차로 - 교차로안,승용,남,50세,상해없음,보행자,남,68세,중상
1107,2021122100100096,2021년 12월 21일 08시,화요일,전라북도 군산시 임피면,경상사고,0,0,1,0,차대사람 - 차도통행중,안전운전불이행,포장 - 건조,맑음,단일로 - 기타,승용,남,60세,상해없음,보행자,남,56세,경상
1108,2021122100100514,2021년 12월 21일 21시,화요일,전라북도 전주시 완산구 중화산동2가,경상사고,0,0,1,0,차대사람 - 횡단중,보행자보호의무위반,포장 - 건조,맑음,교차로 - 교차로횡단보도내,승용,남,53세,상해없음,보행자,여,49세,경상
1109,2021122200100048,2021년 12월 22일 07시,수요일,전라북도 전주시 덕진구 덕진동2가,중상사고,0,1,0,0,차대사람 - 횡단중,신호위반,포장 - 건조,맑음,교차로 - 교차로횡단보도내,승용,여,62세,상해없음,보행자,여,47세,중상
1110,2021122200100049,2021년 12월 22일 07시,수요일,전라북도 군산시 삼학동,중상사고,0,1,0,0,차대사람 - 기타,안전운전불이행,포장 - 건조,맑음,교차로 - 교차로부근,화물,남,64세,상해없음,보행자,여,63세,중상
1111,2021122200100081,2021년 12월 22일 08시,수요일,전라북도 완주군 봉동읍,경상사고,0,0,2,0,차대사람 - 횡단중,보행자보호의무위반,포장 - 건조,맑음,교차로 - 교차로횡단보도내,승용,남,50세,상해없음,보행자,여,12세,경상
1112,2021122200100152,2021년 12월 22일 10시,수요일,전라북도 군산시 송풍동,경상사고,0,0,1,0,차대사람 - 차도통행중,안전운전불이행,포장 - 건조,맑음,단일로 - 지하차도(도로)내,승용,남,68세,상해없음,보행자,여,81세,경상
1113,2021122300100114,2021년 12월 23일 09시,목요일,전라북도 전주시 덕진구 중동,중상사고,0,1,0,0,차대사람 - 횡단중,신호위반,포장 - 건조,맑음,교차로 - 교차로횡단보도내,승합,남,59세,상해없음,보행자,여,83세,중상
1114,2021122300100421,2021년 12월 23일 18시,목요일,전라북도 전주시 덕진구 덕진동1가,중상사고,0,2,0,0,차대사람 - 기타,안전운전불이행,포장 - 건조,맑음,단일로 - 기타,화물,남,53세,상해없음,보행자,남,60세,중상
1115,2021122500100039,2021년 12월 25일 06시,토요일,전라북도 군산시 소룡동,경상사고,0,0,1,0,차대사람 - 횡단중,보행자보호의무위반,포장 - 건조,맑음,교차로 - 교차로안,승용,남,72세,상해없음,보행자,남,71세,경상
1116,2021122500100236,2021년 12월 25일 16시,토요일,전라북도 남원시 하정동,중상사고,0,1,0,0,차대사람 - 기타,안전운전불이행,포장 - 건조,맑음,교차로 - 교차로안,승용,여,72세,상해없음,보행자,남,87세,중상
1117,2021122500100296,2021년 12월 25일 18시,토요일,전라북도 정읍시 산외면,경상사고,0,0,1,0,차대사람 - 차도통행중,안전운전불이행,포장 - 건조,맑음,단일로 - 기타,화물,남,67세,상해없음,보행자,여,76세,경상
1118,2021122500100401,2021년 12월 25일 22시,토요일,전라북도 익산시 인화동1가,중상사고,0,1,0,0,차대사람 - 차도통행중,안전운전불이행,포장 - 건조,맑음,교차로 - 교차로안,승용,남,36세,상해없음,보행자,남,60세,중상
1119,2021122600100016,2021년 12월 26일 03시,일요일,전라북도 전주시 덕진구 호성동1가,경상사고,0,0,1,0,차대사람 - 횡단중,보행자보호의무위반,포장 - 건조,맑음,교차로 - 교차로부근,승용,여,27세,상해없음,보행자,남,49세,경상
1120,2021122800100068,2021년 12월 28일 07시,화요일,전라북도 전주시 덕진구 송천동2가,경상사고,0,0,2,0,차대사람 - 횡단중,안전운전불이행,포장 - 건조,맑음,단일로 - 기타,화물,남,53세,경상,보행자,여,88세,경상
1121,2021122800100070,2021년 12월 28일 07시,화요일,전라북도 군산시 미장동,경상사고,0,0,1,0,차대사람 - 기타,안전운전불이행,포장 - 건조,맑음,단일로 - 기타,승용,남,64세,기타불명,보행자,남,39세,경상
1122,2021122800100155,2021년 12월 28일 10시,화요일,전라북도 군산시 소룡동,경상사고,0,0,1,0,차대사람 - 보도통행중,안전운전불이행,포장 - 건조,맑음,단일로 - 기타,승용,남,27세,상해없음,보행자,여,57세,경상
1123,2021122800100339,2021년 12월 28일 17시,화요일,전라북도 군산시 미룡동,경상사고,0,0,1,0,차대사람 - 횡단중,보행자보호의무위반,포장 - 건조,맑음,교차로 - 교차로안,승용,여,42세,상해없음,보행자,남,25세,경상
1124,2021122800100340,2021년 12월 28일 17시,화요일,전라북도 완주군 봉동읍,중상사고,0,1,0,0,차대사람 - 기타,중앙선침범,포장 - 건조,흐림,교차로 - 교차로부근,승용,여,43세,상해없음,보행자,여,68세,중상
1125,2021122800100381,2021년 12월 28일 18시,화요일,전라북도 전주시 완산구 전동,경상사고,0,0,1,0,차대사람 - 기타,보행자보호의무위반,포장 - 건조,맑음,교차로 - 교차로부근,승합,남,71세,상해없음,보행자,여,79세,경상
1126,2021122800100382,2021년 12월 28일 18시,화요일,전라북도 군산시 소룡동,경상사고,0,0,1,0,차대사람 - 횡단중,보행자보호의무위반,포장 - 건조,맑음,교차로 - 교차로안,승용,여,53세,상해없음,보행자,남,55세,경상
1127,2021122900100240,2021년 12월 29일 14시,수요일,전라북도 군산시 개정동,중상사고,0,1,0,0,차대사람 - 길가장자리구역통행중,안전운전불이행,포장 - 건조,맑음,단일로 - 기타,승합,남,49세,상해없음,보행자,여,86세,중상
1128,2021122900100357,2021년 12월 29일 17시,수요일,전라북도 전주시 덕진구 호성동1가,사망사고,1,0,0,0,차대사람 - 기타,안전운전불이행,포장 - 건조,흐림,단일로 - 기타,승용,남,62세,상해없음,보행자,남,89세,사망
1129,2021123000100007,2021년 12월 30일 00시,목요일,전라북도 전주시 덕진구 우아동3가,중상사고,0,1,0,0,차대사람 - 횡단중,보행자보호의무위반,포장 - 건조,맑음,단일로 - 기타,승용,남,26세,상해없음,보행자,남,43세,중상
1130,2021123000100279,2021년 12월 30일 15시,목요일,전라북도 정읍시 연지동,경상사고,0,0,1,0,차대사람 - 횡단중,보행자보호의무위반,포장 - 젖음/습기,눈,교차로 - 교차로횡단보도내,승용,남,66세,상해없음,보행자,여,57세,경상
1131,2021123000100424,2021년 12월 30일 18시,목요일,전라북도 익산시 송학동,경상사고,0,0,1,0,차대사람 - 횡단중,보행자보호의무위반,포장 - 젖음/습기,눈,교차로 - 교차로횡단보도내,승용,여,31세,상해없음,보행자,여,60세,경상
1132,2021123000100476,2021년 12월 30일 19시,목요일,전라북도 전주시 완산구 효자동3가,경상사고,0,0,1,0,차대사람 - 횡단중,보행자보호의무위반,포장 - 건조,맑음,교차로 - 교차로횡단보도내,승용,남,61세,상해없음,보행자,남,45세,경상
1133,2021123100100107,2021년 12월 31일 10시,금요일,전라북도 전주시 덕진구 인후동1가,경상사고,0,0,1,0,차대사람 - 횡단중,보행자보호의무위반,포장 - 건조,맑음,교차로 - 교차로횡단보도내,승용,여,32세,상해없음,보행자,여,61세,경상
1134,2021123100100550,2021년 12월 31일 20시,금요일,전라북도 전주시 완산구 평화동2가,경상사고,0,0,1,0,차대사람 - 횡단중,보행자보호의무위반,포장 - 건조,맑음,교차로 - 교차로부근,승용,남,44세,상해없음,보행자,여,57세,경상